USE ehotels;
INSERT INTO Customers (IRS_Number,Last_Name,First_Name,Street,Number,Postal_Code,City,First_Registration,Social_Security_Number)
VALUES ('1750890924','Maldonado','Jase','4th Street South','1','17567','Istanbul','23/06/14','1788025036');
INSERT INTO Customers (IRS_Number,Last_Name,First_Name,Street,Number,Postal_Code,City,First_Registration,Social_Security_Number)
VALUES ('1587855266','Bolton','Tyshawn','Hanover Court','9','14978','Moscow','30/10/14','1482649286');
INSERT INTO Customers (IRS_Number,Last_Name,First_Name,Street,Number,Postal_Code,City,First_Registration,Social_Security_Number)
VALUES ('1953990713','Craig','Zavier','14th Street','37','14559','London','08/12/14','2052901165');
INSERT INTO Customers (IRS_Number,Last_Name,First_Name,Street,Number,Postal_Code,City,First_Registration,Social_Security_Number)
VALUES ('1474592513','Kaufman','Francesca','Highland Drive','60','17428','Saint Petersburg','12/03/15','1546455051');
INSERT INTO Customers (IRS_Number,Last_Name,First_Name,Street,Number,Postal_Code,City,First_Registration,Social_Security_Number)
VALUES ('1646254310','Fields','Damarion','Fawn Lane','72','15354','Berlin','07/04/15','1052773767');
INSERT INTO Customers (IRS_Number,Last_Name,First_Name,Street,Number,Postal_Code,City,First_Registration,Social_Security_Number)
VALUES ('1102543023','Edwards','Siena','6th Street North','53','18757','Madrid','24/04/15','1104382291');
INSERT INTO Customers (IRS_Number,Last_Name,First_Name,Street,Number,Postal_Code,City,First_Registration,Social_Security_Number)
VALUES ('1671659129','Werner','Hayden','Vine Street','59','16580','Kiev','07/05/15','1715890426');
INSERT INTO Customers (IRS_Number,Last_Name,First_Name,Street,Number,Postal_Code,City,First_Registration,Social_Security_Number)
VALUES ('1041389314','Ramos','Nash','Cedar Lane','63','13722','Rome','11/05/15','1758120682');
INSERT INTO Customers (IRS_Number,Last_Name,First_Name,Street,Number,Postal_Code,City,First_Registration,Social_Security_Number)
VALUES ('1679695968','Shea','Amari','Maple Street','19','12457','Paris','21/05/15','1749811852');
INSERT INTO Customers (IRS_Number,Last_Name,First_Name,Street,Number,Postal_Code,City,First_Registration,Social_Security_Number)
VALUES ('1781174254','Marks','Karter','Fairview Avenue','68','18537','Bucharest','01/06/15','1461269047');
INSERT INTO Customers (IRS_Number,Last_Name,First_Name,Street,Number,Postal_Code,City,First_Registration,Social_Security_Number)
VALUES ('1488864030','Davidson','Jaiden','Willow Street','65','19661','Minsk','01/10/15','1084528071');
INSERT INTO Customers (IRS_Number,Last_Name,First_Name,Street,Number,Postal_Code,City,First_Registration,Social_Security_Number)
VALUES ('1426266251','Ramirez','Landyn','Cypress Court','21','15414','Vienna','13/10/15','1590700341');
INSERT INTO Customers (IRS_Number,Last_Name,First_Name,Street,Number,Postal_Code,City,First_Registration,Social_Security_Number)
VALUES ('1668826498','Potter','Rashad','High Street','51','16813','Budapest','15/10/15','1271824434');
INSERT INTO Customers (IRS_Number,Last_Name,First_Name,Street,Number,Postal_Code,City,First_Registration,Social_Security_Number)
VALUES ('1068671487','Strong','Camille','Sherman Street','44','14130','Hamburg','01/08/16','1822111417');
INSERT INTO Customers (IRS_Number,Last_Name,First_Name,Street,Number,Postal_Code,City,First_Registration,Social_Security_Number)
VALUES ('1996432928','Cain','Cornelius','2nd Street West','74','12408','Warsaw','27/09/16','1878169531');
INSERT INTO Customers (IRS_Number,Last_Name,First_Name,Street,Number,Postal_Code,City,First_Registration,Social_Security_Number)
VALUES ('1733976305','Cook','Cora','Forest Avenue','19','16181','Barcelona','25/11/16','1131294142');
INSERT INTO Customers (IRS_Number,Last_Name,First_Name,Street,Number,Postal_Code,City,First_Registration,Social_Security_Number)
VALUES ('1164265015','Hines','Riya','Somerset Drive','45','16384','Munich','04/01/17','1345719427');
INSERT INTO Customers (IRS_Number,Last_Name,First_Name,Street,Number,Postal_Code,City,First_Registration,Social_Security_Number)
VALUES ('1730747575','White','Aubrey','1st Avenue','5','13249','Kharkiv','27/03/17','1919412367');
INSERT INTO Customers (IRS_Number,Last_Name,First_Name,Street,Number,Postal_Code,City,First_Registration,Social_Security_Number)
VALUES ('1919299912','Ibarra','Willow','Maple Lane','99','13310','Milan','12/04/17','1377339447');
INSERT INTO Customers (IRS_Number,Last_Name,First_Name,Street,Number,Postal_Code,City,First_Registration,Social_Security_Number)
VALUES ('1593009679','Morrison','Danielle','Arlington Avenue','15','16808','Prague','29/06/17','1426877798');
INSERT INTO Customers (IRS_Number,Last_Name,First_Name,Street,Number,Postal_Code,City,First_Registration,Social_Security_Number)
VALUES ('1953910624','Gardner','Marie','James Street','48','19481','Sofia','13/07/17','1553461998');
INSERT INTO Customers (IRS_Number,Last_Name,First_Name,Street,Number,Postal_Code,City,First_Registration,Social_Security_Number)
VALUES ('1178081646','Myers','Keagan','White Street','40','11130','Nizhny Novgorod','16/08/17','1069916773');
INSERT INTO Customers (IRS_Number,Last_Name,First_Name,Street,Number,Postal_Code,City,First_Registration,Social_Security_Number)
VALUES ('1110271866','Barron','Aurora','West Street','68','14869','Kazan','11/09/17','1142497033');
INSERT INTO Customers (IRS_Number,Last_Name,First_Name,Street,Number,Postal_Code,City,First_Registration,Social_Security_Number)
VALUES ('2021684517','Peters','Adrian','Garden Street','33','17363','Brussels','18/10/17','1188966576');
INSERT INTO Customers (IRS_Number,Last_Name,First_Name,Street,Number,Postal_Code,City,First_Registration,Social_Security_Number)
VALUES ('2073995489','Esparza','Jovanny','Hillside Drive','89','16846','Samara','11/12/17','1091180632');
INSERT INTO Customers (IRS_Number,Last_Name,First_Name,Street,Number,Postal_Code,City,First_Registration,Social_Security_Number)
VALUES ('1992667871','Knox','Tatiana','Old York Road','65','15595','Belgrade','20/05/14','1696840258');
INSERT INTO Customers (IRS_Number,Last_Name,First_Name,Street,Number,Postal_Code,City,First_Registration,Social_Security_Number)
VALUES ('1074807521','Sloan','German','Cedar Lane','41','14633','Rostov-on-Don','27/06/14','2103210578');
INSERT INTO Customers (IRS_Number,Last_Name,First_Name,Street,Number,Postal_Code,City,First_Registration,Social_Security_Number)
VALUES ('1001142427','Odonnell','Cassidy','Virginia Street','10','14585','Birmingham','18/07/14','1326080469');
INSERT INTO Customers (IRS_Number,Last_Name,First_Name,Street,Number,Postal_Code,City,First_Registration,Social_Security_Number)
VALUES ('2095857460','Trujillo','Sebastian','Oak Street','71','13017','Ufa','09/10/14','1198403425');
INSERT INTO Customers (IRS_Number,Last_Name,First_Name,Street,Number,Postal_Code,City,First_Registration,Social_Security_Number)
VALUES ('1101477222','Guerra','Sawyer','Augusta Drive','34','10716','Cologne','16/10/14','1065192619');
INSERT INTO Customers (IRS_Number,Last_Name,First_Name,Street,Number,Postal_Code,City,First_Registration,Social_Security_Number)
VALUES ('1049367104','Tapia','Maggie','10th Street','92','12478','Perm','16/01/15','1150478854');
INSERT INTO Customers (IRS_Number,Last_Name,First_Name,Street,Number,Postal_Code,City,First_Registration,Social_Security_Number)
VALUES ('1447587418','Wall','Ross','9th Street','99','19930','Voronezh','18/02/15','1155687210');
INSERT INTO Customers (IRS_Number,Last_Name,First_Name,Street,Number,Postal_Code,City,First_Registration,Social_Security_Number)
VALUES ('1162239467','Gonzales','Mira','Cambridge Drive','49','11015','Volgograd','14/05/15','2037027591');
INSERT INTO Customers (IRS_Number,Last_Name,First_Name,Street,Number,Postal_Code,City,First_Registration,Social_Security_Number)
VALUES ('2086250509','Haley','Chana','Country Lane','43','19406','Odessa','31/07/15','1024941875');
INSERT INTO Customers (IRS_Number,Last_Name,First_Name,Street,Number,Postal_Code,City,First_Registration,Social_Security_Number)
VALUES ('1575492804','Booth','Lorelai','Circle Drive','73','10701','Naples','07/09/15','1644136501');
INSERT INTO Customers (IRS_Number,Last_Name,First_Name,Street,Number,Postal_Code,City,First_Registration,Social_Security_Number)
VALUES ('1587383018','Jacobs','Aedan','6th Avenue','37','10126','Dnipro','15/10/15','1436403943');
INSERT INTO Customers (IRS_Number,Last_Name,First_Name,Street,Number,Postal_Code,City,First_Registration,Social_Security_Number)
VALUES ('1688595397','Hutchinson','Gabriel','3rd Avenue','63','14145','Athens','22/10/15','1351078060');
INSERT INTO Customers (IRS_Number,Last_Name,First_Name,Street,Number,Postal_Code,City,First_Registration,Social_Security_Number)
VALUES ('2107960340','Rush','Payton','5th Street East','22','16402','Paris','07/03/16','1754797980');
INSERT INTO Customers (IRS_Number,Last_Name,First_Name,Street,Number,Postal_Code,City,First_Registration,Social_Security_Number)
VALUES ('1340522738','Maddox','Kelvin','Aspen Court','41','10878','Istanbul','28/04/16','1819209401');
INSERT INTO Customers (IRS_Number,Last_Name,First_Name,Street,Number,Postal_Code,City,First_Registration,Social_Security_Number)
VALUES ('1472870585','Benjamin','Kareem','Myrtle Street','86','19569','Moscow','09/05/16','1155891155');
INSERT INTO Customers (IRS_Number,Last_Name,First_Name,Street,Number,Postal_Code,City,First_Registration,Social_Security_Number)
VALUES ('1449291387','Carlson','Janessa','Front Street South','4','15304','London','17/05/16','1551645244');
INSERT INTO Customers (IRS_Number,Last_Name,First_Name,Street,Number,Postal_Code,City,First_Registration,Social_Security_Number)
VALUES ('1348888294','Dunn','Ashlynn','Roosevelt Avenue','26','13184','Saint Petersburg','24/06/16','1836897371');
INSERT INTO Customers (IRS_Number,Last_Name,First_Name,Street,Number,Postal_Code,City,First_Registration,Social_Security_Number)
VALUES ('1706995096','Nicholson','Amina','Country Club Drive','14','12621','Berlin','29/06/16','1030447839');
INSERT INTO Customers (IRS_Number,Last_Name,First_Name,Street,Number,Postal_Code,City,First_Registration,Social_Security_Number)
VALUES ('1167921104','Norman','Royce','Old York Road','29','19346','Madrid','14/07/16','1347231348');
INSERT INTO Customers (IRS_Number,Last_Name,First_Name,Street,Number,Postal_Code,City,First_Registration,Social_Security_Number)
VALUES ('1962491402','Ryan','Colby','York Road','53','12835','Kiev','11/08/16','1174674921');
INSERT INTO Customers (IRS_Number,Last_Name,First_Name,Street,Number,Postal_Code,City,First_Registration,Social_Security_Number)
VALUES ('1010090014','Larsen','Ethen','Penn Street','11','11371','Rome','14/10/16','1316452951');
INSERT INTO Customers (IRS_Number,Last_Name,First_Name,Street,Number,Postal_Code,City,First_Registration,Social_Security_Number)
VALUES ('2000715258','Daniel','Juliette','10th Street','65','10202','Paris','25/10/16','1417822068');
INSERT INTO Customers (IRS_Number,Last_Name,First_Name,Street,Number,Postal_Code,City,First_Registration,Social_Security_Number)
VALUES ('1650778156','Mclean','Steven','Center Street','42','11377','Bucharest','20/12/16','1253338991');
INSERT INTO Customers (IRS_Number,Last_Name,First_Name,Street,Number,Postal_Code,City,First_Registration,Social_Security_Number)
VALUES ('1021520201','Thomas','Gillian','Maiden Lane','28','13760','Minsk','25/07/17','1524034258');
INSERT INTO Customers (IRS_Number,Last_Name,First_Name,Street,Number,Postal_Code,City,First_Registration,Social_Security_Number)
VALUES ('1295177073','Hahn','Araceli','Depot Street','81','10964','Vienna','03/10/17','1085151838');
INSERT INTO Customers (IRS_Number,Last_Name,First_Name,Street,Number,Postal_Code,City,First_Registration,Social_Security_Number)
VALUES ('1217711039','Kim','Mohamed','Sheffield Drive','37','12680','Budapest','08/05/14','1214064631');
INSERT INTO Customers (IRS_Number,Last_Name,First_Name,Street,Number,Postal_Code,City,First_Registration,Social_Security_Number)
VALUES ('1520563807','Norris','Kylee','Adams Street','33','16382','Hamburg','04/06/14','1946052164');
INSERT INTO Customers (IRS_Number,Last_Name,First_Name,Street,Number,Postal_Code,City,First_Registration,Social_Security_Number)
VALUES ('1177060000','Doyle','Zechariah','Victoria Court','12','12457','Warsaw','04/11/14','2099708454');
INSERT INTO Customers (IRS_Number,Last_Name,First_Name,Street,Number,Postal_Code,City,First_Registration,Social_Security_Number)
VALUES ('1278556694','Baker','Yahir','Rosewood Drive','42','18604','Barcelona','23/12/14','1486123476');
INSERT INTO Customers (IRS_Number,Last_Name,First_Name,Street,Number,Postal_Code,City,First_Registration,Social_Security_Number)
VALUES ('1478629312','Stewart','Sergio','Lilac Lane','62','17513','Munich','30/03/15','1570138537');
INSERT INTO Customers (IRS_Number,Last_Name,First_Name,Street,Number,Postal_Code,City,First_Registration,Social_Security_Number)
VALUES ('1200604182','Ayers','Leonidas','Evergreen Drive','20','14817','Kharkiv','02/07/15','1768656586');
INSERT INTO Customers (IRS_Number,Last_Name,First_Name,Street,Number,Postal_Code,City,First_Registration,Social_Security_Number)
VALUES ('1245917498','Barrett','Miriam','Sheffield Drive','21','18813','Milan','06/07/15','1799629271');
INSERT INTO Customers (IRS_Number,Last_Name,First_Name,Street,Number,Postal_Code,City,First_Registration,Social_Security_Number)
VALUES ('1668372365','Marsh','Nolan','Arlington Avenue','14','18193','Prague','27/07/15','1405864014');
INSERT INTO Customers (IRS_Number,Last_Name,First_Name,Street,Number,Postal_Code,City,First_Registration,Social_Security_Number)
VALUES ('1158003293','Ball','Marisa','13th Street','73','14864','Sofia','13/08/15','1063129353');
INSERT INTO Customers (IRS_Number,Last_Name,First_Name,Street,Number,Postal_Code,City,First_Registration,Social_Security_Number)
VALUES ('1263889086','Rich','Kaiden','Country Lane','75','15784','Nizhny Novgorod','28/10/15','1846479913');
INSERT INTO Customers (IRS_Number,Last_Name,First_Name,Street,Number,Postal_Code,City,First_Registration,Social_Security_Number)
VALUES ('1289404710','Holden','Carlos','Lexington Court','81','15991','Kazan','13/11/15','1445681009');
INSERT INTO Customers (IRS_Number,Last_Name,First_Name,Street,Number,Postal_Code,City,First_Registration,Social_Security_Number)
VALUES ('1246544942','Mccarty','Chad','Taylor Street','55','16632','Brussels','05/02/16','1036501104');
INSERT INTO Customers (IRS_Number,Last_Name,First_Name,Street,Number,Postal_Code,City,First_Registration,Social_Security_Number)
VALUES ('1159520070','Mcdowell','Lila','Edgewood Road','99','12845','Samara','26/02/16','1086459394');
INSERT INTO Customers (IRS_Number,Last_Name,First_Name,Street,Number,Postal_Code,City,First_Registration,Social_Security_Number)
VALUES ('2039391748','Holt','Jovani','Locust Street','11','18690','Belgrade','06/04/16','1768121448');
INSERT INTO Customers (IRS_Number,Last_Name,First_Name,Street,Number,Postal_Code,City,First_Registration,Social_Security_Number)
VALUES ('2145487797','Garrett','Kyleigh','Colonial Drive','21','17022','Rostov-on-Don','02/05/16','1996210069');
INSERT INTO Customers (IRS_Number,Last_Name,First_Name,Street,Number,Postal_Code,City,First_Registration,Social_Security_Number)
VALUES ('2144732449','Pham','Tanya','Cambridge Court','47','14576','Birmingham','18/05/16','1300764023');
INSERT INTO Customers (IRS_Number,Last_Name,First_Name,Street,Number,Postal_Code,City,First_Registration,Social_Security_Number)
VALUES ('1655974818','Carrillo','Mayra','Linden Avenue','34','11927','Ufa','19/05/16','1050298782');
INSERT INTO Customers (IRS_Number,Last_Name,First_Name,Street,Number,Postal_Code,City,First_Registration,Social_Security_Number)
VALUES ('1101038683','Stanton','Colton','Sycamore Lane','10','13381','Cologne','09/06/16','1061315887');
INSERT INTO Customers (IRS_Number,Last_Name,First_Name,Street,Number,Postal_Code,City,First_Registration,Social_Security_Number)
VALUES ('1401274868','Velez','Christopher','Elm Street','100','15520','Perm','12/10/16','2000990332');
INSERT INTO Customers (IRS_Number,Last_Name,First_Name,Street,Number,Postal_Code,City,First_Registration,Social_Security_Number)
VALUES ('1772592744','Avery','Taylor','Cypress Court','20','14308','Voronezh','01/11/16','1145915678');
INSERT INTO Customers (IRS_Number,Last_Name,First_Name,Street,Number,Postal_Code,City,First_Registration,Social_Security_Number)
VALUES ('1013631295','Waller','Bennett','Delaware Avenue','46','15651','Volgograd','02/11/16','1624460847');
INSERT INTO Customers (IRS_Number,Last_Name,First_Name,Street,Number,Postal_Code,City,First_Registration,Social_Security_Number)
VALUES ('1807779670','Skinner','Hassan','Washington Avenue','93','10346','Odessa','11/01/17','1107721716');
INSERT INTO Customers (IRS_Number,Last_Name,First_Name,Street,Number,Postal_Code,City,First_Registration,Social_Security_Number)
VALUES ('1657373129','Rubio','Ann','Orchard Avenue','55','17696','Naples','24/05/17','1352975471');
INSERT INTO Customers (IRS_Number,Last_Name,First_Name,Street,Number,Postal_Code,City,First_Registration,Social_Security_Number)
VALUES ('1818525548','Fitzgerald','Tianna','Mulberry Court','91','17554','Dnipro','21/07/17','1576313957');
INSERT INTO Customers (IRS_Number,Last_Name,First_Name,Street,Number,Postal_Code,City,First_Registration,Social_Security_Number)
VALUES ('1718941352','Mcpherson','Amaya','Sheffield Drive','21','12813','Athens','05/09/17','1921143605');
INSERT INTO Customers (IRS_Number,Last_Name,First_Name,Street,Number,Postal_Code,City,First_Registration,Social_Security_Number)
VALUES ('2118029620','Campbell','Elise','Jefferson Avenue','100','15358','Paris','15/05/14','1836534136');
INSERT INTO Customers (IRS_Number,Last_Name,First_Name,Street,Number,Postal_Code,City,First_Registration,Social_Security_Number)
VALUES ('1707255553','Hebert','Angie','Overlook Circle','2','13060','Istanbul','20/08/14','2097126987');
INSERT INTO Customers (IRS_Number,Last_Name,First_Name,Street,Number,Postal_Code,City,First_Registration,Social_Security_Number)
VALUES ('1605057151','Chandler','Valentina','Hawthorne Lane','5','13673','Moscow','10/12/14','1318568065');
INSERT INTO Customers (IRS_Number,Last_Name,First_Name,Street,Number,Postal_Code,City,First_Registration,Social_Security_Number)
VALUES ('1847472046','Woods','Saniya','Cedar Court','28','11135','London','18/12/14','1263422431');
INSERT INTO Customers (IRS_Number,Last_Name,First_Name,Street,Number,Postal_Code,City,First_Registration,Social_Security_Number)
VALUES ('1428671072','Cordova','Mckenna','Wall Street','63','18620','Saint Petersburg','22/04/15','1323592812');
INSERT INTO Customers (IRS_Number,Last_Name,First_Name,Street,Number,Postal_Code,City,First_Registration,Social_Security_Number)
VALUES ('1459849528','Reeves','Francisco','White Street','14','18315','Berlin','06/05/15','1251616681');
INSERT INTO Customers (IRS_Number,Last_Name,First_Name,Street,Number,Postal_Code,City,First_Registration,Social_Security_Number)
VALUES ('1814320444','Stephens','Logan','1st Street','99','16375','Madrid','07/07/15','1223368657');
INSERT INTO Customers (IRS_Number,Last_Name,First_Name,Street,Number,Postal_Code,City,First_Registration,Social_Security_Number)
VALUES ('1372726643','Schwartz','Mauricio','Elmwood Avenue','11','19759','Kiev','21/07/15','1799042393');
INSERT INTO Customers (IRS_Number,Last_Name,First_Name,Street,Number,Postal_Code,City,First_Registration,Social_Security_Number)
VALUES ('1192242876','Aguilar','Maliyah','Heather Lane','43','17675','Rome','23/07/15','1611611985');
INSERT INTO Customers (IRS_Number,Last_Name,First_Name,Street,Number,Postal_Code,City,First_Registration,Social_Security_Number)
VALUES ('1122877265','Caldwell','Kelsey','Grove Avenue','39','18105','Paris','20/08/15','1936483254');
INSERT INTO Customers (IRS_Number,Last_Name,First_Name,Street,Number,Postal_Code,City,First_Registration,Social_Security_Number)
VALUES ('1152971838','Cameron','Charlize','Garden Street','41','19577','Bucharest','05/10/15','1898230255');
INSERT INTO Customers (IRS_Number,Last_Name,First_Name,Street,Number,Postal_Code,City,First_Registration,Social_Security_Number)
VALUES ('1373416961','Pierce','Finley','Edgewood Drive','2','18171','Minsk','21/10/15','1795326672');
INSERT INTO Customers (IRS_Number,Last_Name,First_Name,Street,Number,Postal_Code,City,First_Registration,Social_Security_Number)
VALUES ('1310868126','Hale','Joey','Lake Avenue','24','10601','Vienna','05/01/16','1656216194');
INSERT INTO Customers (IRS_Number,Last_Name,First_Name,Street,Number,Postal_Code,City,First_Registration,Social_Security_Number)
VALUES ('1985097509','Irwin','Ellis','Forest Avenue','10','16075','Budapest','17/02/16','1697975421');
INSERT INTO Customers (IRS_Number,Last_Name,First_Name,Street,Number,Postal_Code,City,First_Registration,Social_Security_Number)
VALUES ('1392147589','Savage','Dax','Church Road','70','19787','Hamburg','06/07/16','2048367488');
INSERT INTO Customers (IRS_Number,Last_Name,First_Name,Street,Number,Postal_Code,City,First_Registration,Social_Security_Number)
VALUES ('1252797418','Bush','Jonathon','Route 44','53','17267','Warsaw','13/07/16','1030170900');
INSERT INTO Customers (IRS_Number,Last_Name,First_Name,Street,Number,Postal_Code,City,First_Registration,Social_Security_Number)
VALUES ('1491425690','Suarez','Whitney','Pin Oak Drive','16','11465','Barcelona','21/10/16','1908778575');
INSERT INTO Customers (IRS_Number,Last_Name,First_Name,Street,Number,Postal_Code,City,First_Registration,Social_Security_Number)
VALUES ('1005983458','Mack','Jorge','Mulberry Street','27','16767','Munich','06/12/16','1805021084');
INSERT INTO Customers (IRS_Number,Last_Name,First_Name,Street,Number,Postal_Code,City,First_Registration,Social_Security_Number)
VALUES ('1360759659','Mcintyre','Shamar','Franklin Street','74','12017','Kharkiv','27/03/17','1312833574');
INSERT INTO Customers (IRS_Number,Last_Name,First_Name,Street,Number,Postal_Code,City,First_Registration,Social_Security_Number)
VALUES ('1201370884','Parker','Aisha','George Street','45','14146','Milan','11/04/17','1755102939');
INSERT INTO Customers (IRS_Number,Last_Name,First_Name,Street,Number,Postal_Code,City,First_Registration,Social_Security_Number)
VALUES ('1957555580','Clarke','Alan','North Avenue','39','17365','Prague','01/05/17','1045156041');
INSERT INTO Customers (IRS_Number,Last_Name,First_Name,Street,Number,Postal_Code,City,First_Registration,Social_Security_Number)
VALUES ('1244851622','Jenkins','Deja','Hilltop Road','2','19745','Sofia','10/08/17','1005050971');
INSERT INTO Customers (IRS_Number,Last_Name,First_Name,Street,Number,Postal_Code,City,First_Registration,Social_Security_Number)
VALUES ('1406306092','Lucas','Clara','Holly Court','23','18825','Nizhny Novgorod','09/10/17','1632702214');
INSERT INTO Customers (IRS_Number,Last_Name,First_Name,Street,Number,Postal_Code,City,First_Registration,Social_Security_Number)
VALUES ('1791375793','Hensley','Harper','Locust Street','98','14617','Kazan','27/10/17','2039858479');
INSERT INTO Customers (IRS_Number,Last_Name,First_Name,Street,Number,Postal_Code,City,First_Registration,Social_Security_Number)
VALUES ('1849926676','Wolf','Jan','Devon Court','48','11736','Brussels','26/12/17','2109611680');
INSERT INTO Customers (IRS_Number,Last_Name,First_Name,Street,Number,Postal_Code,City,First_Registration,Social_Security_Number)
VALUES ('1129674939','Li','Kaden','Highland Drive','59','12600','Samara','04/06/14','1440351797');
INSERT INTO Customers (IRS_Number,Last_Name,First_Name,Street,Number,Postal_Code,City,First_Registration,Social_Security_Number)
VALUES ('1342397291','Allen','Mackenzie','Summer Street','8','16189','Belgrade','20/06/14','1329530898');
INSERT INTO Customers (IRS_Number,Last_Name,First_Name,Street,Number,Postal_Code,City,First_Registration,Social_Security_Number)
VALUES ('1872695333','Kramer','Julissa','Route 4','98','17804','Rostov-on-Don','24/07/14','1753346198');
INSERT INTO Customers (IRS_Number,Last_Name,First_Name,Street,Number,Postal_Code,City,First_Registration,Social_Security_Number)
VALUES ('1764021063','Hammond','Karli','Penn Street','41','16227','Birmingham','15/12/14','1763225249');
INSERT INTO Customers (IRS_Number,Last_Name,First_Name,Street,Number,Postal_Code,City,First_Registration,Social_Security_Number)
VALUES ('1352919919','Bridges','Skye','Park Street','62','14927','Ufa','14/01/15','2041576840');
INSERT INTO Customers (IRS_Number,Last_Name,First_Name,Street,Number,Postal_Code,City,First_Registration,Social_Security_Number)
VALUES ('1868928788','Whitehead','Marley','North Avenue','81','19785','Cologne','27/01/15','1738442691');
INSERT INTO Customers (IRS_Number,Last_Name,First_Name,Street,Number,Postal_Code,City,First_Registration,Social_Security_Number)
VALUES ('1741604366','Mullen','Selena','Poplar Street','66','11453','Perm','09/03/15','1652071169');
INSERT INTO Customers (IRS_Number,Last_Name,First_Name,Street,Number,Postal_Code,City,First_Registration,Social_Security_Number)
VALUES ('1692262729','Becker','Shirley','Orchard Street','77','13028','Voronezh','08/05/15','2125548175');
INSERT INTO Customers (IRS_Number,Last_Name,First_Name,Street,Number,Postal_Code,City,First_Registration,Social_Security_Number)
VALUES ('1899838541','Hoffman','Jaidyn','Linden Avenue','64','17508','Volgograd','04/09/15','1045582871');
INSERT INTO Customers (IRS_Number,Last_Name,First_Name,Street,Number,Postal_Code,City,First_Registration,Social_Security_Number)
VALUES ('1589452801','Horn','Destinee','11th Street','17','18109','Odessa','24/12/15','1906554057');
INSERT INTO Customers (IRS_Number,Last_Name,First_Name,Street,Number,Postal_Code,City,First_Registration,Social_Security_Number)
VALUES ('1656142054','Bender','Nikhil','James Street','60','19563','Naples','23/03/16','2142439881');
INSERT INTO Customers (IRS_Number,Last_Name,First_Name,Street,Number,Postal_Code,City,First_Registration,Social_Security_Number)
VALUES ('1910840933','Mullins','Agustin','Hillcrest Drive','14','18942','Dnipro','01/06/16','2057469060');
INSERT INTO Customers (IRS_Number,Last_Name,First_Name,Street,Number,Postal_Code,City,First_Registration,Social_Security_Number)
VALUES ('1484347803','Rice','Davon','White Street','87','12657','Athens','01/08/16','1023130433');
INSERT INTO Customers (IRS_Number,Last_Name,First_Name,Street,Number,Postal_Code,City,First_Registration,Social_Security_Number)
VALUES ('1879861769','Coleman','Shayla','Lafayette Street','4','16439','Paris','12/09/16','1126926057');
INSERT INTO Customers (IRS_Number,Last_Name,First_Name,Street,Number,Postal_Code,City,First_Registration,Social_Security_Number)
VALUES ('1596322089','Christensen','Kyra','Oak Lane','71','11484','Istanbul','20/09/16','1330199679');
INSERT INTO Customers (IRS_Number,Last_Name,First_Name,Street,Number,Postal_Code,City,First_Registration,Social_Security_Number)
VALUES ('1318742911','Lowery','Joy','3rd Avenue','83','15479','Moscow','06/10/16','1529319283');
INSERT INTO Customers (IRS_Number,Last_Name,First_Name,Street,Number,Postal_Code,City,First_Registration,Social_Security_Number)
VALUES ('1563026609','Hogan','Sullivan','Church Road','8','18725','London','17/10/16','1443500044');
INSERT INTO Customers (IRS_Number,Last_Name,First_Name,Street,Number,Postal_Code,City,First_Registration,Social_Security_Number)
VALUES ('1818826481','Heath','Abril','Spring Street','7','14835','Saint Petersburg','12/12/16','1260523822');
INSERT INTO Customers (IRS_Number,Last_Name,First_Name,Street,Number,Postal_Code,City,First_Registration,Social_Security_Number)
VALUES ('1749673616','Washington','Jamarcus','Sheffield Drive','28','16331','Berlin','28/02/17','2090023673');
INSERT INTO Customers (IRS_Number,Last_Name,First_Name,Street,Number,Postal_Code,City,First_Registration,Social_Security_Number)
VALUES ('1187114725','Santana','Madyson','Oak Avenue','50','17894','Madrid','05/04/17','1089458139');
INSERT INTO Customers (IRS_Number,Last_Name,First_Name,Street,Number,Postal_Code,City,First_Registration,Social_Security_Number)
VALUES ('1620311527','Weiss','Gerald','Fairway Drive','20','19245','Kiev','03/05/17','1519366620');
INSERT INTO Customers (IRS_Number,Last_Name,First_Name,Street,Number,Postal_Code,City,First_Registration,Social_Security_Number)
VALUES ('1370850284','Davis','Luciana','Summer Street','42','16239','Rome','11/08/17','2070987671');
INSERT INTO Customers (IRS_Number,Last_Name,First_Name,Street,Number,Postal_Code,City,First_Registration,Social_Security_Number)
VALUES ('2118087330','Fritz','Cullen','3rd Street North','22','13038','Paris','04/09/17','1091049213');
INSERT INTO Customers (IRS_Number,Last_Name,First_Name,Street,Number,Postal_Code,City,First_Registration,Social_Security_Number)
VALUES ('2056330298','Fox','Kara','Fawn Lane','11','13198','Bucharest','13/09/17','1552065314');
INSERT INTO Customers (IRS_Number,Last_Name,First_Name,Street,Number,Postal_Code,City,First_Registration,Social_Security_Number)
VALUES ('1468110285','Mccormick','Nicolas','5th Street North','38','16374','Minsk','26/12/17','1721499277');
INSERT INTO Customers (IRS_Number,Last_Name,First_Name,Street,Number,Postal_Code,City,First_Registration,Social_Security_Number)
VALUES ('2011089208','Choi','Simeon','Ridge Avenue','7','12437','Vienna','24/07/14','1039118363');
INSERT INTO Customers (IRS_Number,Last_Name,First_Name,Street,Number,Postal_Code,City,First_Registration,Social_Security_Number)
VALUES ('1476427356','Dudley','Rylie','Elm Street','10','19678','Budapest','16/02/15','1598026521');
INSERT INTO Customers (IRS_Number,Last_Name,First_Name,Street,Number,Postal_Code,City,First_Registration,Social_Security_Number)
VALUES ('1282981223','Hughes','Kenzie','Cleveland Street','80','16868','Hamburg','13/03/15','2058754426');
INSERT INTO Customers (IRS_Number,Last_Name,First_Name,Street,Number,Postal_Code,City,First_Registration,Social_Security_Number)
VALUES ('1175234908','Byrd','Jared','Lilac Lane','47','11222','Warsaw','18/05/15','1864844595');
INSERT INTO Customers (IRS_Number,Last_Name,First_Name,Street,Number,Postal_Code,City,First_Registration,Social_Security_Number)
VALUES ('1651681210','Bruce','Raul','Franklin Street','30','17137','Barcelona','11/06/15','1826756234');
INSERT INTO Customers (IRS_Number,Last_Name,First_Name,Street,Number,Postal_Code,City,First_Registration,Social_Security_Number)
VALUES ('1508384929','Osborne','Irene','Cleveland Street','7','17339','Munich','29/07/15','1030396948');
INSERT INTO Customers (IRS_Number,Last_Name,First_Name,Street,Number,Postal_Code,City,First_Registration,Social_Security_Number)
VALUES ('1935434558','Leonard','Adeline','Homestead Drive','76','13862','Kharkiv','03/08/15','1189620575');
INSERT INTO Customers (IRS_Number,Last_Name,First_Name,Street,Number,Postal_Code,City,First_Registration,Social_Security_Number)
VALUES ('1223766975','Ferguson','Kaleigh','Arch Street','42','13734','Milan','26/08/15','1907942171');
INSERT INTO Customers (IRS_Number,Last_Name,First_Name,Street,Number,Postal_Code,City,First_Registration,Social_Security_Number)
VALUES ('1212442214','Cruz','Zoey','Morris Street','61','10321','Prague','01/10/15','1537816112');
INSERT INTO Customers (IRS_Number,Last_Name,First_Name,Street,Number,Postal_Code,City,First_Registration,Social_Security_Number)
VALUES ('1346306204','Barnes','Rebekah','Taylor Street','23','10792','Sofia','28/01/16','2042995836');
INSERT INTO Customers (IRS_Number,Last_Name,First_Name,Street,Number,Postal_Code,City,First_Registration,Social_Security_Number)
VALUES ('1216784009','Hickman','Sabrina','Route 4','68','17537','Nizhny Novgorod','10/02/16','1293450717');
INSERT INTO Customers (IRS_Number,Last_Name,First_Name,Street,Number,Postal_Code,City,First_Registration,Social_Security_Number)
VALUES ('1506914357','Brewer','Paityn','Lexington Drive','33','16136','Kazan','11/03/16','1622498593');
INSERT INTO Customers (IRS_Number,Last_Name,First_Name,Street,Number,Postal_Code,City,First_Registration,Social_Security_Number)
VALUES ('1700855972','Meza','Colt','Cedar Avenue','69','13981','Brussels','24/03/16','1712573125');
INSERT INTO Customers (IRS_Number,Last_Name,First_Name,Street,Number,Postal_Code,City,First_Registration,Social_Security_Number)
VALUES ('1950480753','Webb','Zane','Overlook Circle','74','12125','Samara','08/04/16','1334766912');
INSERT INTO Customers (IRS_Number,Last_Name,First_Name,Street,Number,Postal_Code,City,First_Registration,Social_Security_Number)
VALUES ('2017130044','Lowe','Brooks','Cambridge Drive','28','12143','Belgrade','11/04/16','1992217528');
INSERT INTO Customers (IRS_Number,Last_Name,First_Name,Street,Number,Postal_Code,City,First_Registration,Social_Security_Number)
VALUES ('1051964730','Carney','Macie','Cypress Court','56','17637','Rostov-on-Don','18/05/16','1514963230');
INSERT INTO Customers (IRS_Number,Last_Name,First_Name,Street,Number,Postal_Code,City,First_Registration,Social_Security_Number)
VALUES ('1044420600','Barry','Megan','Cleveland Avenue','23','14633','Birmingham','16/06/16','1326187730');
INSERT INTO Customers (IRS_Number,Last_Name,First_Name,Street,Number,Postal_Code,City,First_Registration,Social_Security_Number)
VALUES ('1430084616','Holder','Chase','Briarwood Drive','72','15187','Ufa','03/01/17','1027223683');
INSERT INTO Customers (IRS_Number,Last_Name,First_Name,Street,Number,Postal_Code,City,First_Registration,Social_Security_Number)
VALUES ('1529620082','Baird','Hezekiah','3rd Street West','67','16526','Cologne','24/03/17','1594822733');
INSERT INTO Customers (IRS_Number,Last_Name,First_Name,Street,Number,Postal_Code,City,First_Registration,Social_Security_Number)
VALUES ('1182756448','Hendricks','Amani','Homestead Drive','87','12745','Perm','25/05/17','1296185173');
INSERT INTO Customers (IRS_Number,Last_Name,First_Name,Street,Number,Postal_Code,City,First_Registration,Social_Security_Number)
VALUES ('1071066478','Krause','Russell','Country Club Road','1','19886','Voronezh','20/06/17','1656926520');
INSERT INTO Customers (IRS_Number,Last_Name,First_Name,Street,Number,Postal_Code,City,First_Registration,Social_Security_Number)
VALUES ('2070572495','Richardson','Fiona','New Street','46','15120','Volgograd','22/06/17','1209854678');
INSERT INTO Customers (IRS_Number,Last_Name,First_Name,Street,Number,Postal_Code,City,First_Registration,Social_Security_Number)
VALUES ('1950341612','Lucero','Randall','1st Avenue','81','14074','Odessa','17/07/17','2031628580');
INSERT INTO Customers (IRS_Number,Last_Name,First_Name,Street,Number,Postal_Code,City,First_Registration,Social_Security_Number)
VALUES ('1931158785','Rogers','Luis','Cambridge Road','89','12530','Naples','24/07/17','2033343242');
INSERT INTO Customers (IRS_Number,Last_Name,First_Name,Street,Number,Postal_Code,City,First_Registration,Social_Security_Number)
VALUES ('1013376299','Pollard','Lizeth','Woodland Road','65','13750','Dnipro','14/09/17','1212883295');
USE ehotels;
INSERT INTO Employees (IRS_Number,Social_Security_Number,First_Name,Last_Name,Street,Number,Postal_Code,City)
VALUES ('1324341904','7026491227','Jordon','Bandy','Hawthorne Avenue','98','21122','Mililani');
INSERT INTO Employees (IRS_Number,Social_Security_Number,First_Name,Last_Name,Street,Number,Postal_Code,City)
VALUES ('8906789549','5109065946','Leila','Brinton','Atlantic Avenue','5','38655','Aleknagik');
INSERT INTO Employees (IRS_Number,Social_Security_Number,First_Name,Last_Name,Street,Number,Postal_Code,City)
VALUES ('4324211134','4667404686','Delicia','Rasmus','Euclid Avenue','82','27103','Tok');
INSERT INTO Employees (IRS_Number,Social_Security_Number,First_Name,Last_Name,Street,Number,Postal_Code,City)
VALUES ('9056793445','6871555435','Mohamed','Ardito','Lilac Lane','77','2132','Desert Relief');
INSERT INTO Employees (IRS_Number,Social_Security_Number,First_Name,Last_Name,Street,Number,Postal_Code,City)
VALUES ('6509405633','7274546402','Jackeline','Holte','Primrose Lane','56','17022','Devil Canyon');
INSERT INTO Employees (IRS_Number,Social_Security_Number,First_Name,Last_Name,Street,Number,Postal_Code,City)
VALUES ('8954930543','1717458344','Ilana','Hamiter','Washington Avenue','81','44221','Squabbletown');
INSERT INTO Employees (IRS_Number,Social_Security_Number,First_Name,Last_Name,Street,Number,Postal_Code,City)
VALUES ('4593353435','9409346885','Louvenia','Loo','Parker Street','3','7017','Roach');
INSERT INTO Employees (IRS_Number,Social_Security_Number,First_Name,Last_Name,Street,Number,Postal_Code,City)
VALUES ('5353534534','4329573792','Naoma','Zahn','Carriage Drive','16','11368','Rome');
INSERT INTO Employees (IRS_Number,Social_Security_Number,First_Name,Last_Name,Street,Number,Postal_Code,City)
VALUES ('9345345345','169720326','Giovanna','Pietz','Forest Street','45','38632','Tees Toh');
INSERT INTO Employees (IRS_Number,Social_Security_Number,First_Name,Last_Name,Street,Number,Postal_Code,City)
VALUES ('5345353245','6181035803','Matha','Morace','Lexington Court','38','60030','Telluride');
INSERT INTO Employees (IRS_Number,Social_Security_Number,First_Name,Last_Name,Street,Number,Postal_Code,City)
VALUES ('5634653425','9069284312','Doretta','Mcgilvray','12th Street East','63','44070','Wondervu');
INSERT INTO Employees (IRS_Number,Social_Security_Number,First_Name,Last_Name,Street,Number,Postal_Code,City)
VALUES ('8543935222','5959528618','Contessa','Catto','Route 27','9','60089','Lingo');
INSERT INTO Employees (IRS_Number,Social_Security_Number,First_Name,Last_Name,Street,Number,Postal_Code,City)
VALUES ('5345453535','7494002369','Jamal','Landi','Olive Street','63','27502','Echo');
INSERT INTO Employees (IRS_Number,Social_Security_Number,First_Name,Last_Name,Street,Number,Postal_Code,City)
VALUES ('5345345345','6166849200','Florance','Hilger','Cemetery Road','99','7675','Equality');
INSERT INTO Employees (IRS_Number,Social_Security_Number,First_Name,Last_Name,Street,Number,Postal_Code,City)
VALUES ('2343241241','9938012002','Donny','Carol','Broad Street','31','28086','Ox Level');
INSERT INTO Employees (IRS_Number,Social_Security_Number,First_Name,Last_Name,Street,Number,Postal_Code,City)
VALUES ('5543534532','3796487561','Jenine','Edman','Roosevelt Avenue','8','37363','Scratch Ankle');
INSERT INTO Employees (IRS_Number,Social_Security_Number,First_Name,Last_Name,Street,Number,Postal_Code,City)
VALUES ('4532424432','4275173334','Logan','Calvillo','Orchard Street','95','6492','Elevenpoint');
INSERT INTO Employees (IRS_Number,Social_Security_Number,First_Name,Last_Name,Street,Number,Postal_Code,City)
VALUES ('4234241454','4061731665','Kimberlee','Cornelius','Fulton Street','5','45365','Twentythree');
INSERT INTO Employees (IRS_Number,Social_Security_Number,First_Name,Last_Name,Street,Number,Postal_Code,City)
VALUES ('8967492394','439545335','Lavonna','Wehner','River Road','88','51106','Grand Detour');
INSERT INTO Employees (IRS_Number,Social_Security_Number,First_Name,Last_Name,Street,Number,Postal_Code,City)
VALUES ('9019341343','5962920242','Clemencia','Gambill','Virginia Avenue','59','33054','Purdy');
INSERT INTO Employees (IRS_Number,Social_Security_Number,First_Name,Last_Name,Street,Number,Postal_Code,City)
VALUES ('5245035412','4462290056','Marylouise','Kyser','Berkshire Drive','39','76522','Wettick');
INSERT INTO Employees (IRS_Number,Social_Security_Number,First_Name,Last_Name,Street,Number,Postal_Code,City)
VALUES ('1459105403','1182361460','Salley','Brookes','Linden Avenue','43','44146','Bugtussle');
INSERT INTO Employees (IRS_Number,Social_Security_Number,First_Name,Last_Name,Street,Number,Postal_Code,City)
VALUES ('4305438932','2231083766','Gena','Fetterolf','Academy Street','94','32708','Red Cross');
INSERT INTO Employees (IRS_Number,Social_Security_Number,First_Name,Last_Name,Street,Number,Postal_Code,City)
VALUES ('4043592541','6444713740','Devin','Gosha','Creek Road','35','60174','Shamrock');
INSERT INTO Employees (IRS_Number,Social_Security_Number,First_Name,Last_Name,Street,Number,Postal_Code,City)
VALUES ('7803245914','3022421388','Ailene','Prettyman','Broadway','98','8096','Dumblane');
INSERT INTO Employees (IRS_Number,Social_Security_Number,First_Name,Last_Name,Street,Number,Postal_Code,City)
VALUES ('9094527845','5430740348','Celesta','Couture','4th Street South','84','33054','Free Trade');
INSERT INTO Employees (IRS_Number,Social_Security_Number,First_Name,Last_Name,Street,Number,Postal_Code,City)
VALUES ('8034572534','3152784379','Kim','Ting','Belmont Avenue','97','60105','Cooter');
INSERT INTO Employees (IRS_Number,Social_Security_Number,First_Name,Last_Name,Street,Number,Postal_Code,City)
VALUES ('2012441134','802300784','Kirby','Fikes','Poplar Street','88','60446','Ginger Blue');
INSERT INTO Employees (IRS_Number,Social_Security_Number,First_Name,Last_Name,Street,Number,Postal_Code,City)
VALUES ('5435345094','2122956033','Eugenio','Jantzen','Park Street','85','46526','Knob Noster');
INSERT INTO Employees (IRS_Number,Social_Security_Number,First_Name,Last_Name,Street,Number,Postal_Code,City)
VALUES ('5680923412','6035348096','Ivy','Holtzclaw','Myrtle Street','8','48439','Kokernot');
INSERT INTO Employees (IRS_Number,Social_Security_Number,First_Name,Last_Name,Street,Number,Postal_Code,City)
VALUES ('1110043344','5885431264','Arianna','Alward','Virginia Street','31','33880','Moonshine Hill');
INSERT INTO Employees (IRS_Number,Social_Security_Number,First_Name,Last_Name,Street,Number,Postal_Code,City)
VALUES ('2200043224','7970290770','Leslee','Alicea','Cambridge Drive','90','43110','Oatmeal');
INSERT INTO Employees (IRS_Number,Social_Security_Number,First_Name,Last_Name,Street,Number,Postal_Code,City)
VALUES ('5423500000','7718913366','Stacie','Westbrooks','Fawn Lane','88','6405','Jump River');
INSERT INTO Employees (IRS_Number,Social_Security_Number,First_Name,Last_Name,Street,Number,Postal_Code,City)
VALUES ('6900000013','7586155645','Sharda','Seawell','Brandywine Drive','98','21208','Lordship');
INSERT INTO Employees (IRS_Number,Social_Security_Number,First_Name,Last_Name,Street,Number,Postal_Code,City)
VALUES ('6570000031','107569652','Van','Ku','Rose Street','21','2919','Hill n Dale');
INSERT INTO Employees (IRS_Number,Social_Security_Number,First_Name,Last_Name,Street,Number,Postal_Code,City)
VALUES ('3424210011','3390072908','Zita','Child','Franklin Street','11','37066','Mossy Head');
INSERT INTO Employees (IRS_Number,Social_Security_Number,First_Name,Last_Name,Street,Number,Postal_Code,City)
VALUES ('4532412001','1372080783','Lucilla','Adamo','Locust Street','80','7093','Gross Still');
INSERT INTO Employees (IRS_Number,Social_Security_Number,First_Name,Last_Name,Street,Number,Postal_Code,City)
VALUES ('5434520001','439963597','Roslyn','Volpe','Roosevelt Avenue','72','37122','Hentown');
INSERT INTO Employees (IRS_Number,Social_Security_Number,First_Name,Last_Name,Street,Number,Postal_Code,City)
VALUES ('5432543001','4556367596','Adolph','Troop','Lafayette Street','4','32084','Ballstown');
INSERT INTO Employees (IRS_Number,Social_Security_Number,First_Name,Last_Name,Street,Number,Postal_Code,City)
VALUES ('5234145199','3253799246','Bradford','Baughman','High Street','61','46060','Steam Corner');
INSERT INTO Employees (IRS_Number,Social_Security_Number,First_Name,Last_Name,Street,Number,Postal_Code,City)
VALUES ('4546778099','1838662455','Ina','Berardi','Sherwood Drive','97','34761','Strong');
INSERT INTO Employees (IRS_Number,Social_Security_Number,First_Name,Last_Name,Street,Number,Postal_Code,City)
VALUES ('3340094311','5002626035','Azzie','Milera','Railroad Street','81','54952','Fricks Crossing');
INSERT INTO Employees (IRS_Number,Social_Security_Number,First_Name,Last_Name,Street,Number,Postal_Code,City)
VALUES ('4324510001','5962380529','Carola','Dorman','Central Avenue','95','16066','Nanjemoy');
INSERT INTO Employees (IRS_Number,Social_Security_Number,First_Name,Last_Name,Street,Number,Postal_Code,City)
VALUES ('5452089054','6800090401','Louanne','Dehoyos','Hawthorne Lane','53','54650','Sippewisset');
INSERT INTO Employees (IRS_Number,Social_Security_Number,First_Name,Last_Name,Street,Number,Postal_Code,City)
VALUES ('5430004524','5246944891','Kate','Haltom','Queen Street','50','36109','Dicktown');
INSERT INTO Employees (IRS_Number,Social_Security_Number,First_Name,Last_Name,Street,Number,Postal_Code,City)
VALUES ('5445990090','850539626','Olin','Lanser','Market Street','50','68506','King Ferry');
INSERT INTO Employees (IRS_Number,Social_Security_Number,First_Name,Last_Name,Street,Number,Postal_Code,City)
VALUES ('5400099090','2258573397','Scarlet','Mcnally','Mulberry Lane','42','27529','Sandy Mush');
INSERT INTO Employees (IRS_Number,Social_Security_Number,First_Name,Last_Name,Street,Number,Postal_Code,City)
VALUES ('5788934591','8112478991','Melva','Ownby','Hartford Road','67','30815','Worry');
INSERT INTO Employees (IRS_Number,Social_Security_Number,First_Name,Last_Name,Street,Number,Postal_Code,City)
VALUES ('5499009541','8435607790','Phebe','Tolentino','Dogwood Lane','49','37363','Owls Town');
INSERT INTO Employees (IRS_Number,Social_Security_Number,First_Name,Last_Name,Street,Number,Postal_Code,City)
VALUES ('5490089094','9587110745','Gerald','Millsaps','Homestead Drive','30','21221','Tiny');
INSERT INTO Employees (IRS_Number,Social_Security_Number,First_Name,Last_Name,Street,Number,Postal_Code,City)
VALUES ('5482924022','3297043564','Lorilee','Mcgurk','Creekside Drive','4','32547','Pushawalla Palms');
INSERT INTO Employees (IRS_Number,Social_Security_Number,First_Name,Last_Name,Street,Number,Postal_Code,City)
VALUES ('5490924302','3318325324','Alva','Dufour','Walnut Avenue','80','21093','Stargo');
INSERT INTO Employees (IRS_Number,Social_Security_Number,First_Name,Last_Name,Street,Number,Postal_Code,City)
VALUES ('8909894312','9823452573','Bea','Amick','Buttonwood Drive','42','30084','Three Rocks');
INSERT INTO Employees (IRS_Number,Social_Security_Number,First_Name,Last_Name,Street,Number,Postal_Code,City)
VALUES ('9076520422','9096394336','Amelia','Mays','Strawberry Lane','37','15206','Dynamite');
INSERT INTO Employees (IRS_Number,Social_Security_Number,First_Name,Last_Name,Street,Number,Postal_Code,City)
VALUES ('8459202122','2772841310','Viki','Colburn','Adams Street','22','46368','Pitoikam');
INSERT INTO Employees (IRS_Number,Social_Security_Number,First_Name,Last_Name,Street,Number,Postal_Code,City)
VALUES ('2034589230','3201165513','Viviana','Sisemore','Park Avenue','78','81001','Tsintaa Yiti Ii');
INSERT INTO Employees (IRS_Number,Social_Security_Number,First_Name,Last_Name,Street,Number,Postal_Code,City)
VALUES ('5439345232','5450427894','Carmela','Bronner','Myrtle Avenue','41','28803','Dallas');
INSERT INTO Employees (IRS_Number,Social_Security_Number,First_Name,Last_Name,Street,Number,Postal_Code,City)
VALUES ('4532453215','6855664064','Tien','Monteiro','Brookside Drive','25','30144','Freeland');
INSERT INTO Employees (IRS_Number,Social_Security_Number,First_Name,Last_Name,Street,Number,Postal_Code,City)
VALUES ('4903451212','27836173','Renate','Helmers','Meadow Lane','17','27834','Wildcat');
INSERT INTO Employees (IRS_Number,Social_Security_Number,First_Name,Last_Name,Street,Number,Postal_Code,City)
VALUES ('5321200945','5103163452','Damien','Maresca','Charles Street','97','11701','Athol');
INSERT INTO Employees (IRS_Number,Social_Security_Number,First_Name,Last_Name,Street,Number,Postal_Code,City)
VALUES ('5678901411','1365517229','Chantelle','Grafton','Pin Oak Drive','45','44256','Stoner Place');
INSERT INTO Employees (IRS_Number,Social_Security_Number,First_Name,Last_Name,Street,Number,Postal_Code,City)
VALUES ('5439253458','2076804079','Marilee','Chatman','Cooper Street','10','29550','Surprise Creek Colony');
INSERT INTO Employees (IRS_Number,Social_Security_Number,First_Name,Last_Name,Street,Number,Postal_Code,City)
VALUES ('5347814902','5577856799','Paulita','Niccum','Vine Street','25','19082','Pot Creek');
INSERT INTO Employees (IRS_Number,Social_Security_Number,First_Name,Last_Name,Street,Number,Postal_Code,City)
VALUES ('5423740744','8995369838','Leisa','Olivar','Myrtle Street','85','44077','Echo');
INSERT INTO Employees (IRS_Number,Social_Security_Number,First_Name,Last_Name,Street,Number,Postal_Code,City)
VALUES ('7830221134','3318676511','Felix','Maudlin','Spruce Avenue','9','7076','Hurricane');
INSERT INTO Employees (IRS_Number,Social_Security_Number,First_Name,Last_Name,Street,Number,Postal_Code,City)
VALUES ('5435997133','7321192324','Horace','Bachelder','2nd Street','45','22030','Centennial');
INSERT INTO Employees (IRS_Number,Social_Security_Number,First_Name,Last_Name,Street,Number,Postal_Code,City)
VALUES ('5421809453','5733647937','Timika','Tisby','Brook Lane','64','20747','Economy');
INSERT INTO Employees (IRS_Number,Social_Security_Number,First_Name,Last_Name,Street,Number,Postal_Code,City)
VALUES ('7658099111','25691114','Katelyn','Burruel','Bayberry Drive','83','30274','Moscow');
INSERT INTO Employees (IRS_Number,Social_Security_Number,First_Name,Last_Name,Street,Number,Postal_Code,City)
VALUES ('5637920132','5826856802','Pamala','Benites','North Avenue','94','91784','Muddy Fork');
INSERT INTO Employees (IRS_Number,Social_Security_Number,First_Name,Last_Name,Street,Number,Postal_Code,City)
VALUES ('5437390132','2950161825','Fredia','Wherry','Virginia Avenue','15','29687','Bone Gap');
INSERT INTO Employees (IRS_Number,Social_Security_Number,First_Name,Last_Name,Street,Number,Postal_Code,City)
VALUES ('4816461285','9396552675','Benito','Dressler','3rd Street West','22','46350','Doubleday');
INSERT INTO Employees (IRS_Number,Social_Security_Number,First_Name,Last_Name,Street,Number,Postal_Code,City)
VALUES ('1232901234','9027178246','Moira','Bibler','Valley Drive','20','59404','Holland');
INSERT INTO Employees (IRS_Number,Social_Security_Number,First_Name,Last_Name,Street,Number,Postal_Code,City)
VALUES ('8349100334','1066956438','Les','Pua','Cambridge Drive','52','19067','Witchwood');
INSERT INTO Employees (IRS_Number,Social_Security_Number,First_Name,Last_Name,Street,Number,Postal_Code,City)
VALUES ('4385934251','641243275','Pauletta','Eddleman','Monroe Street','87','1752','Kracker Station');
INSERT INTO Employees (IRS_Number,Social_Security_Number,First_Name,Last_Name,Street,Number,Postal_Code,City)
VALUES ('1144553622','4618603015','Dorthy','Fairclough','Colonial Avenue','50','21042','Oktibbeha');
INSERT INTO Employees (IRS_Number,Social_Security_Number,First_Name,Last_Name,Street,Number,Postal_Code,City)
VALUES ('8899843022','3378109474','Allegra','Sluss','Sheffield Drive','45','52001','Whynot');
INSERT INTO Employees (IRS_Number,Social_Security_Number,First_Name,Last_Name,Street,Number,Postal_Code,City)
VALUES ('2222689934','4398225824','Florinda','Gertsch','Brookside Drive','92','46614','Killdeer');
INSERT INTO Employees (IRS_Number,Social_Security_Number,First_Name,Last_Name,Street,Number,Postal_Code,City)
VALUES ('4327438221','5483676599','Rudolf','Mccollough','14th Street','66','55033','Fort Coffee');
INSERT INTO Employees (IRS_Number,Social_Security_Number,First_Name,Last_Name,Street,Number,Postal_Code,City)
VALUES ('4525334513','8771893378','Phillis','Shimkus','Linda Lane','53','1880','Gruetli-Laager');
INSERT INTO Employees (IRS_Number,Social_Security_Number,First_Name,Last_Name,Street,Number,Postal_Code,City)
VALUES ('4234234124','1760354446','Crystle','Fendley','Country Club Road','25','11554','King Arthur Court');
INSERT INTO Employees (IRS_Number,Social_Security_Number,First_Name,Last_Name,Street,Number,Postal_Code,City)
VALUES ('4521342143','3262635729','Emelina','Althoff','Woodland Drive','71','75126','Owl Hoot');
INSERT INTO Employees (IRS_Number,Social_Security_Number,First_Name,Last_Name,Street,Number,Postal_Code,City)
VALUES ('3421149113','2023585990','Micheline','Acord','Lilac Lane','96','41018','Cheek');
INSERT INTO Employees (IRS_Number,Social_Security_Number,First_Name,Last_Name,Street,Number,Postal_Code,City)
VALUES ('4124890011','8303513915','Lesia','Evens','Lafayette Street','32','49221','Lolita');
INSERT INTO Employees (IRS_Number,Social_Security_Number,First_Name,Last_Name,Street,Number,Postal_Code,City)
VALUES ('4332000211','6074172258','Shandra','Bratten','4th Avenue','63','7016','Tom Bean');
INSERT INTO Employees (IRS_Number,Social_Security_Number,First_Name,Last_Name,Street,Number,Postal_Code,City)
VALUES ('3478890012','8447575508','Audie','Brugman','4th Street South','80','2038','Gaylordsville');
INSERT INTO Employees (IRS_Number,Social_Security_Number,First_Name,Last_Name,Street,Number,Postal_Code,City)
VALUES ('7899000032','9561096682','Sueann','Francese','Columbia Street','15','30019','Weekeempee');
INSERT INTO Employees (IRS_Number,Social_Security_Number,First_Name,Last_Name,Street,Number,Postal_Code,City)
VALUES ('4909002111','722730951','Nilda','Kloss','5th Street East','19','33801','Black Hog Landing');
INSERT INTO Employees (IRS_Number,Social_Security_Number,First_Name,Last_Name,Street,Number,Postal_Code,City)
VALUES ('4300001134','5640638832','Torri','Hope','Maple Avenue','6','49417','Great Good Place');
INSERT INTO Employees (IRS_Number,Social_Security_Number,First_Name,Last_Name,Street,Number,Postal_Code,City)
VALUES ('5477900011','3370792825','Frank','Passmore','Canal Street','25','47933','Gulls Nest');
INSERT INTO Employees (IRS_Number,Social_Security_Number,First_Name,Last_Name,Street,Number,Postal_Code,City)
VALUES ('3422341113','4662456367','Keely','Biggerstaff','Route 70','28','33569','Woodsmoke');
INSERT INTO Employees (IRS_Number,Social_Security_Number,First_Name,Last_Name,Street,Number,Postal_Code,City)
VALUES ('4322221478','8638172210','Aretha','Shrout','Route 30','5','48237','Shipshewana');
INSERT INTO Employees (IRS_Number,Social_Security_Number,First_Name,Last_Name,Street,Number,Postal_Code,City)
VALUES ('4324211001','27875717','Euna','Dahle','Route 9','33','19406','Bingo');
INSERT INTO Employees (IRS_Number,Social_Security_Number,First_Name,Last_Name,Street,Number,Postal_Code,City)
VALUES ('3131300011','2034571812','Fleta','Cather','Rosewood Drive','37','44094','Thanksgiving');
INSERT INTO Employees (IRS_Number,Social_Security_Number,First_Name,Last_Name,Street,Number,Postal_Code,City)
VALUES ('4322443111','8610396495','Bridgette','Horrocks','Division Street','57','19002','Nonesuch');
INSERT INTO Employees (IRS_Number,Social_Security_Number,First_Name,Last_Name,Street,Number,Postal_Code,City)
VALUES ('8890045311','2645147380','Angelique','Tomasek','Bridle Court','35','36605','Sebewaing');
INSERT INTO Employees (IRS_Number,Social_Security_Number,First_Name,Last_Name,Street,Number,Postal_Code,City)
VALUES ('5747882934','3787941969','Madelene','Lovett','Cleveland Street','52','37160','Singapore');
INSERT INTO Employees (IRS_Number,Social_Security_Number,First_Name,Last_Name,Street,Number,Postal_Code,City)
VALUES ('4329010134','8013753066','Kirk','Zager','Cambridge Road','72','29650','Pill Hill');
INSERT INTO Employees (IRS_Number,Social_Security_Number,First_Name,Last_Name,Street,Number,Postal_Code,City)
VALUES ('4313400013','1922353757','Jerome','Nogueira','Lake Avenue','46','27909','Cattaraugus');
INSERT INTO Employees (IRS_Number,Social_Security_Number,First_Name,Last_Name,Street,Number,Postal_Code,City)
VALUES ('4538890134','4906895049','Nikki','Dally','Route 5','38','30605','Widowville');
INSERT INTO Employees (IRS_Number,Social_Security_Number,First_Name,Last_Name,Street,Number,Postal_Code,City)
VALUES ('4329991343','9673068608','Niesha','Ferree','Liberty Street','18','27292','Wissinoming');
INSERT INTO Employees (IRS_Number,Social_Security_Number,First_Name,Last_Name,Street,Number,Postal_Code,City)
VALUES ('1876733266','26324400','Pamala','Eddleman','Lilac Lane','96','41018','Cheek');
INSERT INTO Employees (IRS_Number,Social_Security_Number,First_Name,Last_Name,Street,Number,Postal_Code,City)
VALUES ('5843882414','3957179934','Fredia','Fairclough','Lafayette Street','32','49221','Lolita');
INSERT INTO Employees (IRS_Number,Social_Security_Number,First_Name,Last_Name,Street,Number,Postal_Code,City)
VALUES ('2007365636','5297977050','Benito','Sluss','4th Avenue','63','7016','Tom Bean');
INSERT INTO Employees (IRS_Number,Social_Security_Number,First_Name,Last_Name,Street,Number,Postal_Code,City)
VALUES ('4975313885','5805236564','Moira','Gertsch','4th Street South','80','2038','Gaylordsville');
INSERT INTO Employees (IRS_Number,Social_Security_Number,First_Name,Last_Name,Street,Number,Postal_Code,City)
VALUES ('2239031242','6903821612','Les','Mccollough','Columbia Street','15','30019','Weekeempee');
INSERT INTO Employees (IRS_Number,Social_Security_Number,First_Name,Last_Name,Street,Number,Postal_Code,City)
VALUES ('4872617592','7308998928','Pauletta','Shimkus','5th Street East','19','33801','Black Hog Landing');
INSERT INTO Employees (IRS_Number,Social_Security_Number,First_Name,Last_Name,Street,Number,Postal_Code,City)
VALUES ('4406883948','4377856827','Dorthy','Kloss','Maple Avenue','6','49417','Great Good Place');
INSERT INTO Employees (IRS_Number,Social_Security_Number,First_Name,Last_Name,Street,Number,Postal_Code,City)
VALUES ('8891623374','7815601788','Allegra','Hope','Canal Street','25','47933','Gulls Nest');
INSERT INTO Employees (IRS_Number,Social_Security_Number,First_Name,Last_Name,Street,Number,Postal_Code,City)
VALUES ('4050430873','9711990076','Florinda','Passmore','Route 70','28','33569','Woodsmoke');
INSERT INTO Employees (IRS_Number,Social_Security_Number,First_Name,Last_Name,Street,Number,Postal_Code,City)
VALUES ('7101488746','2730938819','Rudolf','Biggerstaff','Market Street','50','68506','King Ferry');
INSERT INTO Employees (IRS_Number,Social_Security_Number,First_Name,Last_Name,Street,Number,Postal_Code,City)
VALUES ('1256186394','1481058389','Phillis','Shrout','Mulberry Lane','42','27529','Sandy Mush');
INSERT INTO Employees (IRS_Number,Social_Security_Number,First_Name,Last_Name,Street,Number,Postal_Code,City)
VALUES ('7694727702','4122919178','Crystle','Dahle','Hartford Road','67','30815','Worry');
INSERT INTO Employees (IRS_Number,Social_Security_Number,First_Name,Last_Name,Street,Number,Postal_Code,City)
VALUES ('4954905679','8663809506','Logan','Cather','Dogwood Lane','49','37363','Owls Town');
INSERT INTO Employees (IRS_Number,Social_Security_Number,First_Name,Last_Name,Street,Number,Postal_Code,City)
VALUES ('2187214103','1629245819','Kimberlee','Horrocks','Homestead Drive','30','21221','Tiny');
INSERT INTO Employees (IRS_Number,Social_Security_Number,First_Name,Last_Name,Street,Number,Postal_Code,City)
VALUES ('9027342157','5020992368','Lavonna','Tomasek','Creekside Drive','4','32547','Pushawalla Palms');
INSERT INTO Employees (IRS_Number,Social_Security_Number,First_Name,Last_Name,Street,Number,Postal_Code,City)
VALUES ('3843061490','5370413123','Clemencia','Benites','Walnut Avenue','80','21093','Stargo');
INSERT INTO Employees (IRS_Number,Social_Security_Number,First_Name,Last_Name,Street,Number,Postal_Code,City)
VALUES ('1144630805','8935060525','Marylouise','Wherry','Buttonwood Drive','42','30084','Three Rocks');
INSERT INTO Employees (IRS_Number,Social_Security_Number,First_Name,Last_Name,Street,Number,Postal_Code,City)
VALUES ('6375903500','2740566616','Salley','Dressler','4th Street South','84','33054','Free Trade');
INSERT INTO Employees (IRS_Number,Social_Security_Number,First_Name,Last_Name,Street,Number,Postal_Code,City)
VALUES ('5139009028','9451166264','Gena','Bibler','Belmont Avenue','97','60105','Cooter');
INSERT INTO Employees (IRS_Number,Social_Security_Number,First_Name,Last_Name,Street,Number,Postal_Code,City)
VALUES ('5542681399','2107483625','Devin','Pua','Poplar Street','88','60446','Ginger Blue');
INSERT INTO Employees (IRS_Number,Social_Security_Number,First_Name,Last_Name,Street,Number,Postal_Code,City)
VALUES ('9106662131','9535371943','Ailene','Tisby','Park Street','85','46526','Knob Noster');
INSERT INTO Employees (IRS_Number,Social_Security_Number,First_Name,Last_Name,Street,Number,Postal_Code,City)
VALUES ('7418959699','3071391617','Celesta','Burruel','Myrtle Street','8','48439','Kokernot');
INSERT INTO Employees (IRS_Number,Social_Security_Number,First_Name,Last_Name,Street,Number,Postal_Code,City)
VALUES ('783261758','211407816','Leila','Benites','Virginia Street','31','33880','Moonshine Hill');
INSERT INTO Employees (IRS_Number,Social_Security_Number,First_Name,Last_Name,Street,Number,Postal_Code,City)
VALUES ('1514993639','6846859248','Delicia','Wherry','Homestead Drive','30','21221','Tiny');
INSERT INTO Employees (IRS_Number,Social_Security_Number,First_Name,Last_Name,Street,Number,Postal_Code,City)
VALUES ('9882572819','9802902599','Mohamed','Dressler','Creekside Drive','4','32547','Pushawalla Palms');
USE ehotels;
INSERT INTO Hotel_Group (Hotel_group_ID,Email,Street,Number_of_hotels,Postal_Code,City,number,Phone_number)
VALUES ('13000','ehotel1@hotmail.com','Romis','45','17847','Athina','5','2738983789');
INSERT INTO Hotel_Group (Hotel_group_ID,Email,Street,Number_of_hotels,Postal_Code,City,number,Phone_number)
VALUES ('17000','ehotel2@gmail.com','Fratzi','23','16379','Volos','5','2109874635');
INSERT INTO Hotel_Group (Hotel_group_ID,Email,Street,Number_of_hotels,Postal_Code,City,number,Phone_number)
VALUES ('16000','ehotel3@gmail.com','Mesologgiou','12','18947','Iraklio','5','2107638490');
INSERT INTO Hotel_Group (Hotel_group_ID,Email,Street,Number_of_hotels,Postal_Code,City,number,Phone_number)
VALUES ('19000','ehotel4@yahoo.com','Aiantos','32','14657','Samothraki','5','2107623829');
INSERT INTO Hotel_Group (Hotel_group_ID,Email,Street,Number_of_hotels,Postal_Code,City,number,Phone_number)
VALUES ('12000','ehotel5@gmai.com','Pliadon','49','18467','Naxos','5','2187638490');
USE ehotels;
INSERT INTO Hotels (Hotel_ID,Email,Phone_Number,Stars,Number_Of_Rooms,Street,Number,Postal_Code,City)
VALUES ('131296','ehotel1_athens@hotmail.com','2109870801','5','5','Ermou','13','17563','Athens');
INSERT INTO Hotels (Hotel_ID,Email,Phone_Number,Stars,Number_Of_Rooms,Street,Number,Postal_Code,City)
VALUES ('130796','ehotel1_athens2@hotmail.com','2109765401','3','5','Riga Feraiou','78','13657','Athens');
INSERT INTO Hotels (Hotel_ID,Email,Phone_Number,Stars,Number_Of_Rooms,Street,Number,Postal_Code,City)
VALUES ('130296','ehotel1_rethimno@hotmail.com','2113456728','4','5','Palaiologou','37','16789','Rethimno');
INSERT INTO Hotels (Hotel_ID,Email,Phone_Number,Stars,Number_Of_Rooms,Street,Number,Postal_Code,City)
VALUES ('130896','ehotel1_thessaloniki@hotmail.com','2334678239','4','5','Megalou Alexandrou','62','13456','Thessaloniki');
INSERT INTO Hotels (Hotel_ID,Email,Phone_Number,Stars,Number_Of_Rooms,Street,Number,Postal_Code,City)
VALUES ('130455','ehotel1_skiathos@hotmail.com','2267890653','5','5','Papadiamanti','28','14578','Skiathos');
INSERT INTO Hotels (Hotel_ID,Email,Phone_Number,Stars,Number_Of_Rooms,Street,Number,Postal_Code,City)
VALUES ('170796','ehotel2_volos@hotmail.com','2378956347','5','5','Volou','67','17846','Volos');
INSERT INTO Hotels (Hotel_ID,Email,Phone_Number,Stars,Number_Of_Rooms,Street,Number,Postal_Code,City)
VALUES ('170989','ehotel2_volos2@hotmail.com','2379876540','4','5','Athinas','48','17453','Volos');
INSERT INTO Hotels (Hotel_ID,Email,Phone_Number,Stars,Number_Of_Rooms,Street,Number,Postal_Code,City)
VALUES ('175467','ehotel2_karditsa@hotmail.com','2567845678','3','5','Kronou','23','15634','Karditsa');
INSERT INTO Hotels (Hotel_ID,Email,Phone_Number,Stars,Number_Of_Rooms,Street,Number,Postal_Code,City)
VALUES ('175463','ehotel2_marathonas@hotmail.com','2789056378','4','5','Kodrou','36','15648','Marathonas');
INSERT INTO Hotels (Hotel_ID,Email,Phone_Number,Stars,Number_Of_Rooms,Street,Number,Postal_Code,City)
VALUES ('174890','ehotel2_neamakri@hotmail.com','2678763890','5','5','Naiadon','98','14678','Nea Makri');
INSERT INTO Hotels (Hotel_ID,Email,Phone_Number,Stars,Number_Of_Rooms,Street,Number,Postal_Code,City)
VALUES ('168867','ehotel3_alepoxori@hotmail.com','2678935267','5','5','Agiou Alexandou','45','12356','Alepoxori');
INSERT INTO Hotels (Hotel_ID,Email,Phone_Number,Stars,Number_Of_Rooms,Street,Number,Postal_Code,City)
VALUES ('167834','ehotel3_xalkida@hotmail.com','2658936478','4','5','Agias Eirinis','63','15678','Xalkida');
INSERT INTO Hotels (Hotel_ID,Email,Phone_Number,Stars,Number_Of_Rooms,Street,Number,Postal_Code,City)
VALUES ('164356','ehotel3_rodos@hotmail.com','2907635678','4','5','Kadmou','15','12689','Rodos');
INSERT INTO Hotels (Hotel_ID,Email,Phone_Number,Stars,Number_Of_Rooms,Street,Number,Postal_Code,City)
VALUES ('163589','ehotel3_leukada@hotmail.com','2806735678','3','5','Afroditis','23','17654','Leukada');
INSERT INTO Hotels (Hotel_ID,Email,Phone_Number,Stars,Number_Of_Rooms,Street,Number,Postal_Code,City)
VALUES ('163290','ehotel3_leukada2@hotmail.com','2290876389','4','5','Parthenonos','12','16428','Leukada');
INSERT INTO Hotels (Hotel_ID,Email,Phone_Number,Stars,Number_Of_Rooms,Street,Number,Postal_Code,City)
VALUES ('189067','ehotel4_samothraki@hotmail.com','2786357893','3','5','Mamali','45','17648','Samothaki');
INSERT INTO Hotels (Hotel_ID,Email,Phone_Number,Stars,Number_Of_Rooms,Street,Number,Postal_Code,City)
VALUES ('187635','ehotel4_samothraki2@hotmail.com','2678936789','4','6','Klisovis','34','17846','Samothraki');
INSERT INTO Hotels (Hotel_ID,Email,Phone_Number,Stars,Number_Of_Rooms,Street,Number,Postal_Code,City)
VALUES ('185438','ehotel4_santorini@hotmail.com','2198763789','5','5','Venizelou','23','13765','Santorini');
INSERT INTO Hotels (Hotel_ID,Email,Phone_Number,Stars,Number_Of_Rooms,Street,Number,Postal_Code,City)
VALUES ('189076','ehotel4_hania@hotmail.com','2189376489','5','5','Aristomenous','47','17354','Hania');
INSERT INTO Hotels (Hotel_ID,Email,Phone_Number,Stars,Number_Of_Rooms,Street,Number,Postal_Code,City)
VALUES ('187634','ehotel4_iraklio@hotmail.com','2156789378','4','5','Zisimopoulou','95','14376','Iraklio');
INSERT INTO Hotels (Hotel_ID,Email,Phone_Number,Stars,Number_Of_Rooms,Street,Number,Postal_Code,City)
VALUES ('127836','ehotel5_amorgps@hotmail.com','2789037679','4','5','Eratous','23','17862','Amorgos');
INSERT INTO Hotels (Hotel_ID,Email,Phone_Number,Stars,Number_Of_Rooms,Street,Number,Postal_Code,City)
VALUES ('126739','ehotel5_peiraias@hotmail.com','2489087389','3','5','Kleopatras','45','17826','Peiraias');
INSERT INTO Hotels (Hotel_ID,Email,Phone_Number,Stars,Number_Of_Rooms,Street,Number,Postal_Code,City)
VALUES ('127093','ehotel5_naxos@hotmail.com','2783678903','4','5','Amalias','43','16782','Naxos');
INSERT INTO Hotels (Hotel_ID,Email,Phone_Number,Stars,Number_Of_Rooms,Street,Number,Postal_Code,City)
VALUES ('127389','ehotel5_naxos2@hotmail.com','2187654890','5','5','Aiolou','76','15678','Naxos');
INSERT INTO Hotels (Hotel_ID,Email,Phone_Number,Stars,Number_Of_Rooms,Street,Number,Postal_Code,City)
VALUES ('123890','ehotel5_nauplio@hotmail.com','2890738490','4','5','Fleming','35','12345','Nauplio');
USE ehotels;
INSERT INTO Hotel_Room (Repairs_need,Expandable,View,Capacity,Amenities,Price,Hotel_ID)
VALUES ('none','extra beds','sea','1','fridge,tv,air condition','35','131296');
INSERT INTO Hotel_Room (Repairs_need,Expandable,View,Capacity,Amenities,Price,Hotel_ID)
VALUES ('broken door','extra beds','none','2','fridge,tv,air condition','30','131296');
INSERT INTO Hotel_Room (Repairs_need,Expandable,View,Capacity,Amenities,Price,Hotel_ID)
VALUES ('no wifi','no','none','3','fridge,tv,air condition','25','131296');
INSERT INTO Hotel_Room (Repairs_need,Expandable,View,Capacity,Amenities,Price,Hotel_ID)
VALUES ('none','extra beds','sea','4','fridge,tv,air condition','40','131296');
INSERT INTO Hotel_Room (Repairs_need,Expandable,View,Capacity,Amenities,Price,Hotel_ID)
VALUES ('none','no','sea','5','fridge,tv,air condition','20','131296');
INSERT INTO Hotel_Room (Repairs_need,Expandable,View,Capacity,Amenities,Price,Hotel_ID)
VALUES ('broken chair','no','none','1','fridge,tv,air condition','20','130796');
INSERT INTO Hotel_Room (Repairs_need,Expandable,View,Capacity,Amenities,Price,Hotel_ID)
VALUES ('none','extra beds','none','2','fridge,tv,air condition','25','130796');
INSERT INTO Hotel_Room (Repairs_need,Expandable,View,Capacity,Amenities,Price,Hotel_ID)
VALUES ('broken window','extra beds','sea','3','fridge,tv,air condition','30','130796');
INSERT INTO Hotel_Room (Repairs_need,Expandable,View,Capacity,Amenities,Price,Hotel_ID)
VALUES ('none','extra beds','none','4','fridge,tv,air condition','40','130796');
INSERT INTO Hotel_Room (Repairs_need,Expandable,View,Capacity,Amenities,Price,Hotel_ID)
VALUES ('no wifi','no','none','5','fridge,tv,air condition','45','130796');
INSERT INTO Hotel_Room (Repairs_need,Expandable,View,Capacity,Amenities,Price,Hotel_ID)
VALUES ('none','no','sea','1','fridge,tv,air condition','19','130296');
INSERT INTO Hotel_Room (Repairs_need,Expandable,View,Capacity,Amenities,Price,Hotel_ID)
VALUES ('broken sink','extra room','sea','2','fridge,tv,air condition','25','130296');
INSERT INTO Hotel_Room (Repairs_need,Expandable,View,Capacity,Amenities,Price,Hotel_ID)
VALUES ('none','extra beds','sea','3','fridge,tv,air condition','35','130296');
INSERT INTO Hotel_Room (Repairs_need,Expandable,View,Capacity,Amenities,Price,Hotel_ID)
VALUES ('none','extra beds','none','4','fridge,tv,air condition','40','130296');
INSERT INTO Hotel_Room (Repairs_need,Expandable,View,Capacity,Amenities,Price,Hotel_ID)
VALUES ('broken tv','no','sea','5','fridge,tv,air condition','40','130296');
INSERT INTO Hotel_Room (Repairs_need,Expandable,View,Capacity,Amenities,Price,Hotel_ID)
VALUES ('no wifi','no','sea','1','fridge,tv,air condition','20','130896');
INSERT INTO Hotel_Room (Repairs_need,Expandable,View,Capacity,Amenities,Price,Hotel_ID)
VALUES ('none','no','none','2','fridge,tv,air condition','25','130896');
INSERT INTO Hotel_Room (Repairs_need,Expandable,View,Capacity,Amenities,Price,Hotel_ID)
VALUES ('broken chair','extra beds','sea','3','fridge,tv,air condition','30','130896');
INSERT INTO Hotel_Room (Repairs_need,Expandable,View,Capacity,Amenities,Price,Hotel_ID)
VALUES ('no wifi','no','sea','4','fridge,tv,air condition','35','130896');
INSERT INTO Hotel_Room (Repairs_need,Expandable,View,Capacity,Amenities,Price,Hotel_ID)
VALUES ('none','no','sea','5','fridge,tv,air condition','40','130896');
INSERT INTO Hotel_Room (Repairs_need,Expandable,View,Capacity,Amenities,Price,Hotel_ID)
VALUES ('broken sink','extra beds','none','1','fridge,tv,air condition','15','130455');
INSERT INTO Hotel_Room (Repairs_need,Expandable,View,Capacity,Amenities,Price,Hotel_ID)
VALUES ('broken window','extra beds','sea','2','fridge,tv,air condition','20','130455');
INSERT INTO Hotel_Room (Repairs_need,Expandable,View,Capacity,Amenities,Price,Hotel_ID)
VALUES ('none','extra beds','none','3','fridge,tv,air condition','25','130455');
INSERT INTO Hotel_Room (Repairs_need,Expandable,View,Capacity,Amenities,Price,Hotel_ID)
VALUES ('broken chair','no','none','4','fridge,tv,air condition','30','130455');
INSERT INTO Hotel_Room (Repairs_need,Expandable,View,Capacity,Amenities,Price,Hotel_ID)
VALUES ('no wifi','no','none','5','fridge,tv,air condition','35','130455');
INSERT INTO Hotel_Room (Repairs_need,Expandable,View,Capacity,Amenities,Price,Hotel_ID)
VALUES ('none','extra beds','sea','1','fridge,tv,air condition','18','170796');
INSERT INTO Hotel_Room (Repairs_need,Expandable,View,Capacity,Amenities,Price,Hotel_ID)
VALUES ('none','no','none','2','fridge,tv,air condition','25','170796');
INSERT INTO Hotel_Room (Repairs_need,Expandable,View,Capacity,Amenities,Price,Hotel_ID)
VALUES ('broken window','no','none','3','fridge,tv,air condition','30','170796');
INSERT INTO Hotel_Room (Repairs_need,Expandable,View,Capacity,Amenities,Price,Hotel_ID)
VALUES ('broken chair','no','none','4','fridge,tv,air condition','35','170796');
INSERT INTO Hotel_Room (Repairs_need,Expandable,View,Capacity,Amenities,Price,Hotel_ID)
VALUES ('no wifi','extra beds','sea','5','fridge,tv,air condition','45','170796');
INSERT INTO Hotel_Room (Repairs_need,Expandable,View,Capacity,Amenities,Price,Hotel_ID)
VALUES ('none','no','sea','1','fridge,tv,air condition','20','170989');
INSERT INTO Hotel_Room (Repairs_need,Expandable,View,Capacity,Amenities,Price,Hotel_ID)
VALUES ('none','extra beds','sea','2','fridge,air condition','25','170989');
INSERT INTO Hotel_Room (Repairs_need,Expandable,View,Capacity,Amenities,Price,Hotel_ID)
VALUES ('broken tv','extra beds','none','3','fridge,tv,air condition','30','170989');
INSERT INTO Hotel_Room (Repairs_need,Expandable,View,Capacity,Amenities,Price,Hotel_ID)
VALUES ('none','no','none','4','fridge,tv,air condition','35','170989');
INSERT INTO Hotel_Room (Repairs_need,Expandable,View,Capacity,Amenities,Price,Hotel_ID)
VALUES ('none','extra room','sea','5','fridge,tv,air condition','40','170989');
INSERT INTO Hotel_Room (Repairs_need,Expandable,View,Capacity,Amenities,Price,Hotel_ID)
VALUES ('no wifi','extra beds','sea','1','fridge,tv,air condition','15','175467');
INSERT INTO Hotel_Room (Repairs_need,Expandable,View,Capacity,Amenities,Price,Hotel_ID)
VALUES ('broken chair','extra beds','none','2','fridge,tv,air condition','20','175467');
INSERT INTO Hotel_Room (Repairs_need,Expandable,View,Capacity,Amenities,Price,Hotel_ID)
VALUES ('none','no','sea','3','fridge,tv,air condition','25','175467');
INSERT INTO Hotel_Room (Repairs_need,Expandable,View,Capacity,Amenities,Price,Hotel_ID)
VALUES ('broken chair','extra beds','sea','4','fridge,tv,air condition','30','175467');
INSERT INTO Hotel_Room (Repairs_need,Expandable,View,Capacity,Amenities,Price,Hotel_ID)
VALUES ('none','no','sea','5','fridge,tv,air condition','35','175467');
INSERT INTO Hotel_Room (Repairs_need,Expandable,View,Capacity,Amenities,Price,Hotel_ID)
VALUES ('broken chair','extra beds','none','1','fridge,tv,air condition','15','175463');
INSERT INTO Hotel_Room (Repairs_need,Expandable,View,Capacity,Amenities,Price,Hotel_ID)
VALUES ('no wifi','extra beds','none','2','fridge,tv,air condition','20','175463');
INSERT INTO Hotel_Room (Repairs_need,Expandable,View,Capacity,Amenities,Price,Hotel_ID)
VALUES ('none','extra beds','sea','3','fridge,tv,air condition','25','175463');
INSERT INTO Hotel_Room (Repairs_need,Expandable,View,Capacity,Amenities,Price,Hotel_ID)
VALUES ('none','no','none','4','fridge,tv,air condition','30','175463');
INSERT INTO Hotel_Room (Repairs_need,Expandable,View,Capacity,Amenities,Price,Hotel_ID)
VALUES ('no wifi','no','none','5','fridge,tv,air condition','40','175463');
INSERT INTO Hotel_Room (Repairs_need,Expandable,View,Capacity,Amenities,Price,Hotel_ID)
VALUES ('broken window','extra beds','sea','1','fridge,tv,air condition','15','174890');
INSERT INTO Hotel_Room (Repairs_need,Expandable,View,Capacity,Amenities,Price,Hotel_ID)
VALUES ('broken tv','extra beds','sea','2','fridge,tv,air condition','20','174890');
INSERT INTO Hotel_Room (Repairs_need,Expandable,View,Capacity,Amenities,Price,Hotel_ID)
VALUES ('broken chair','extra beds','none','3','fridge,tv,air condition','30','174890');
INSERT INTO Hotel_Room (Repairs_need,Expandable,View,Capacity,Amenities,Price,Hotel_ID)
VALUES ('no wifi','extra beds','none','4','fridge,tv,air condition','35','174890');
INSERT INTO Hotel_Room (Repairs_need,Expandable,View,Capacity,Amenities,Price,Hotel_ID)
VALUES ('none','no','none','5','fridge,tv,air condition','40','174890');
INSERT INTO Hotel_Room (Repairs_need,Expandable,View,Capacity,Amenities,Price,Hotel_ID)
VALUES ('no wifi','extra room','sea','1','fridge,tv,air condition','15','168867');
INSERT INTO Hotel_Room (Repairs_need,Expandable,View,Capacity,Amenities,Price,Hotel_ID)
VALUES ('broken chair','no','sea','2','fridge,tv,air condition','20','168867');
INSERT INTO Hotel_Room (Repairs_need,Expandable,View,Capacity,Amenities,Price,Hotel_ID)
VALUES ('none','extra beds','none','3','fridge,tv,air condition','30','168867');
INSERT INTO Hotel_Room (Repairs_need,Expandable,View,Capacity,Amenities,Price,Hotel_ID)
VALUES ('broken sink','extra beds','none','4','fridge,tv,air condition','35','168867');
INSERT INTO Hotel_Room (Repairs_need,Expandable,View,Capacity,Amenities,Price,Hotel_ID)
VALUES ('none','no','sea','5','fridge,tv,air condition','40','168867');
INSERT INTO Hotel_Room (Repairs_need,Expandable,View,Capacity,Amenities,Price,Hotel_ID)
VALUES ('none','no','sea','1','fridge,tv,air condition','18','167834');
INSERT INTO Hotel_Room (Repairs_need,Expandable,View,Capacity,Amenities,Price,Hotel_ID)
VALUES ('broken chair','extra beds','none','2','fridge,tv,air condition','25','167834');
INSERT INTO Hotel_Room (Repairs_need,Expandable,View,Capacity,Amenities,Price,Hotel_ID)
VALUES ('none','extra beds','none','3','fridge,tv,air condition','30','167834');
INSERT INTO Hotel_Room (Repairs_need,Expandable,View,Capacity,Amenities,Price,Hotel_ID)
VALUES ('no wifi','no','sea','4','fridge,tv,air condition','35','167834');
INSERT INTO Hotel_Room (Repairs_need,Expandable,View,Capacity,Amenities,Price,Hotel_ID)
VALUES ('broken chair','extra beds','sea','5','fridge,tv,air condition','40','167834');
INSERT INTO Hotel_Room (Repairs_need,Expandable,View,Capacity,Amenities,Price,Hotel_ID)
VALUES ('no wifi','no','sea','1','fridge,tv,air condition','45','164356');
INSERT INTO Hotel_Room (Repairs_need,Expandable,View,Capacity,Amenities,Price,Hotel_ID)
VALUES ('broken chair','no','sea','2','fridge,tv,air condition','50','164356');
INSERT INTO Hotel_Room (Repairs_need,Expandable,View,Capacity,Amenities,Price,Hotel_ID)
VALUES ('none','no','sea','3','fridge,tv,air condition','55','164356');
INSERT INTO Hotel_Room (Repairs_need,Expandable,View,Capacity,Amenities,Price,Hotel_ID)
VALUES ('none','extra beds','none','4','fridge,tv,air condition','60','164356');
INSERT INTO Hotel_Room (Repairs_need,Expandable,View,Capacity,Amenities,Price,Hotel_ID)
VALUES ('broken chair','no','sea','5','fridge,tv,air condition','65','164356');
INSERT INTO Hotel_Room (Repairs_need,Expandable,View,Capacity,Amenities,Price,Hotel_ID)
VALUES ('none','no','sea','5','fridge,tv,air condition','35','163589');
INSERT INTO Hotel_Room (Repairs_need,Expandable,View,Capacity,Amenities,Price,Hotel_ID)
VALUES ('none','extra beds','sea','1','fridge,tv,air condition','15','163589');
INSERT INTO Hotel_Room (Repairs_need,Expandable,View,Capacity,Amenities,Price,Hotel_ID)
VALUES ('broken window','extra beds','none','2','fridge,tv,air condition','25','163589');
INSERT INTO Hotel_Room (Repairs_need,Expandable,View,Capacity,Amenities,Price,Hotel_ID)
VALUES ('none','extra beds','none','3','fridge,tv,air condition','30','163589');
INSERT INTO Hotel_Room (Repairs_need,Expandable,View,Capacity,Amenities,Price,Hotel_ID)
VALUES ('broken chair','no','none','4','fridge,tv,air condition','35','163589');
INSERT INTO Hotel_Room (Repairs_need,Expandable,View,Capacity,Amenities,Price,Hotel_ID)
VALUES ('none','extra beds','sea','5','fridge,tv,air condition','45','163290');
INSERT INTO Hotel_Room (Repairs_need,Expandable,View,Capacity,Amenities,Price,Hotel_ID)
VALUES ('broken chair','extra beds','sea','1','fridge,tv,air condition','20','163290');
INSERT INTO Hotel_Room (Repairs_need,Expandable,View,Capacity,Amenities,Price,Hotel_ID)
VALUES ('broken chair','extra beds','none','2','fridge,tv,air condition','25','163290');
INSERT INTO Hotel_Room (Repairs_need,Expandable,View,Capacity,Amenities,Price,Hotel_ID)
VALUES ('broken sink','no','none','3','fridge,tv,air condition','35','163290');
INSERT INTO Hotel_Room (Repairs_need,Expandable,View,Capacity,Amenities,Price,Hotel_ID)
VALUES ('none','no','none','4','fridge,tv,air condition','40','163290');
INSERT INTO Hotel_Room (Repairs_need,Expandable,View,Capacity,Amenities,Price,Hotel_ID)
VALUES ('broken tv','extra beds','sea','5','fridge,tv,air condition','45','189067');
INSERT INTO Hotel_Room (Repairs_need,Expandable,View,Capacity,Amenities,Price,Hotel_ID)
VALUES ('broken chair','extra beds','sea','1','fridge,tv,air condition','15','189067');
INSERT INTO Hotel_Room (Repairs_need,Expandable,View,Capacity,Amenities,Price,Hotel_ID)
VALUES ('broken sink','no','none','2','fridge,tv,air condition','20','189067');
INSERT INTO Hotel_Room (Repairs_need,Expandable,View,Capacity,Amenities,Price,Hotel_ID)
VALUES ('none','no','none','3','fridge,tv,air condition','25','189067');
INSERT INTO Hotel_Room (Repairs_need,Expandable,View,Capacity,Amenities,Price,Hotel_ID)
VALUES ('broken chair','extra room','sea','4','fridge,tv,air condition','35','189067');
INSERT INTO Hotel_Room (Repairs_need,Expandable,View,Capacity,Amenities,Price,Hotel_ID)
VALUES ('none','extra beds','sea','5','fridge,tv,air condition','40','187635');
INSERT INTO Hotel_Room (Repairs_need,Expandable,View,Capacity,Amenities,Price,Hotel_ID)
VALUES ('broken chair','no','none','1','fridge,tv,air condition','15','187635');
INSERT INTO Hotel_Room (Repairs_need,Expandable,View,Capacity,Amenities,Price,Hotel_ID)
VALUES ('none','no','none','2','fridge,tv,air condition','25','187635');
INSERT INTO Hotel_Room (Repairs_need,Expandable,View,Capacity,Amenities,Price,Hotel_ID)
VALUES ('broken chair','extra beds','sea','3','fridge,tv,air condition','30','187635');
INSERT INTO Hotel_Room (Repairs_need,Expandable,View,Capacity,Amenities,Price,Hotel_ID)
VALUES ('broken window','extra beds','sea','4','fridge,tv,air condition','45','187635');
INSERT INTO Hotel_Room (Repairs_need,Expandable,View,Capacity,Amenities,Price,Hotel_ID)
VALUES ('broken chair','no','none','5','fridge,tv,air condition','45','185438');
INSERT INTO Hotel_Room (Repairs_need,Expandable,View,Capacity,Amenities,Price,Hotel_ID)
VALUES ('none','no','sea','1','fridge,tv,air condition','20','185438');
INSERT INTO Hotel_Room (Repairs_need,Expandable,View,Capacity,Amenities,Price,Hotel_ID)
VALUES ('broken sink','extra beds','sea','2','fridge,tv,air condition','25','185438');
INSERT INTO Hotel_Room (Repairs_need,Expandable,View,Capacity,Amenities,Price,Hotel_ID)
VALUES ('none','extra beds','none','3','fridge,tv,air condition','35','185438');
INSERT INTO Hotel_Room (Repairs_need,Expandable,View,Capacity,Amenities,Price,Hotel_ID)
VALUES ('none','no','none','4','fridge,tv,air condition','45','185438');
INSERT INTO Hotel_Room (Repairs_need,Expandable,View,Capacity,Amenities,Price,Hotel_ID)
VALUES ('broken window','extra beds','sea','5','fridge,tv,air condition','50','189076');
INSERT INTO Hotel_Room (Repairs_need,Expandable,View,Capacity,Amenities,Price,Hotel_ID)
VALUES ('broken pipe','extra beds','sea','1','fridge,tv,air condition','15','189076');
INSERT INTO Hotel_Room (Repairs_need,Expandable,View,Capacity,Amenities,Price,Hotel_ID)
VALUES ('none','no','sea','2','fridge,tv,air condition','25','189076');
INSERT INTO Hotel_Room (Repairs_need,Expandable,View,Capacity,Amenities,Price,Hotel_ID)
VALUES ('none','extra beds','none','3','fridge,tv,air condition','35','189076');
INSERT INTO Hotel_Room (Repairs_need,Expandable,View,Capacity,Amenities,Price,Hotel_ID)
VALUES ('broken sink','extra beds','sea','4','fridge,tv,air condition','45','189076');
INSERT INTO Hotel_Room (Repairs_need,Expandable,View,Capacity,Amenities,Price,Hotel_ID)
VALUES ('none','no','sea','5','fridge,tv,air condition','50','187634');
INSERT INTO Hotel_Room (Repairs_need,Expandable,View,Capacity,Amenities,Price,Hotel_ID)
VALUES ('broken sink','extra beds','none','1','fridge,tv,air condition','25','187634');
INSERT INTO Hotel_Room (Repairs_need,Expandable,View,Capacity,Amenities,Price,Hotel_ID)
VALUES ('broken window','extra beds','none','2','fridge,tv,air condition','35','187634');
INSERT INTO Hotel_Room (Repairs_need,Expandable,View,Capacity,Amenities,Price,Hotel_ID)
VALUES ('none','no','sea','3','fridge,tv,air condition','45','187634');
INSERT INTO Hotel_Room (Repairs_need,Expandable,View,Capacity,Amenities,Price,Hotel_ID)
VALUES ('broken window','no','sea','4','fridge,tv,air condition','55','187634');
INSERT INTO Hotel_Room (Repairs_need,Expandable,View,Capacity,Amenities,Price,Hotel_ID)
VALUES ('none','no','sea','5','fridge,tv,air condition','65','127836');
INSERT INTO Hotel_Room (Repairs_need,Expandable,View,Capacity,Amenities,Price,Hotel_ID)
VALUES ('none','no','sea','1','fridge,tv,air condition','15','127836');
INSERT INTO Hotel_Room (Repairs_need,Expandable,View,Capacity,Amenities,Price,Hotel_ID)
VALUES ('broken chair','extra beds','none','2','fridge,tv,air condition','25','127836');
INSERT INTO Hotel_Room (Repairs_need,Expandable,View,Capacity,Amenities,Price,Hotel_ID)
VALUES ('none','no','sea','3','fridge,tv,air condition','35','127836');
INSERT INTO Hotel_Room (Repairs_need,Expandable,View,Capacity,Amenities,Price,Hotel_ID)
VALUES ('none','extra beds','sea','4','fridge,tv,air condition','45','127836');
INSERT INTO Hotel_Room (Repairs_need,Expandable,View,Capacity,Amenities,Price,Hotel_ID)
VALUES ('broken tv','extra beds','none','5','fridge,tv,air condition','65','126739');
INSERT INTO Hotel_Room (Repairs_need,Expandable,View,Capacity,Amenities,Price,Hotel_ID)
VALUES ('none','no','none','1','fridge,tv,air condition','15','126739');
INSERT INTO Hotel_Room (Repairs_need,Expandable,View,Capacity,Amenities,Price,Hotel_ID)
VALUES ('none','extra room','sea','2','fridge,tv,air condition','25','126739');
INSERT INTO Hotel_Room (Repairs_need,Expandable,View,Capacity,Amenities,Price,Hotel_ID)
VALUES ('broken window','extra beds','sea','3','fridge,tv,air condition','35','126739');
INSERT INTO Hotel_Room (Repairs_need,Expandable,View,Capacity,Amenities,Price,Hotel_ID)
VALUES ('none','extra room','none','4','fridge,tv,air condition','45','126739');
INSERT INTO Hotel_Room (Repairs_need,Expandable,View,Capacity,Amenities,Price,Hotel_ID)
VALUES ('none','no','sea','5','fridge,tv,air condition','55','127093');
INSERT INTO Hotel_Room (Repairs_need,Expandable,View,Capacity,Amenities,Price,Hotel_ID)
VALUES ('none','no','sea','1','fridge,tv,air condition','15','127093');
INSERT INTO Hotel_Room (Repairs_need,Expandable,View,Capacity,Amenities,Price,Hotel_ID)
VALUES ('none','extra beds','sea','2','fridge,tv,air condition','25','127093');
INSERT INTO Hotel_Room (Repairs_need,Expandable,View,Capacity,Amenities,Price,Hotel_ID)
VALUES ('broken chair','extra beds','sea','3','fridge,tv,air condition','35','127093');
INSERT INTO Hotel_Room (Repairs_need,Expandable,View,Capacity,Amenities,Price,Hotel_ID)
VALUES ('broken window','extra room','none','4','fridge,tv,air condition','45','127093');
INSERT INTO Hotel_Room (Repairs_need,Expandable,View,Capacity,Amenities,Price,Hotel_ID)
VALUES ('broken sink','extra beds','none','5','fridge,tv,air condition','55','127389');
INSERT INTO Hotel_Room (Repairs_need,Expandable,View,Capacity,Amenities,Price,Hotel_ID)
VALUES ('none','no','sea','1','fridge,tv,air condition','15','127389');
INSERT INTO Hotel_Room (Repairs_need,Expandable,View,Capacity,Amenities,Price,Hotel_ID)
VALUES ('none','no','sea','2','fridge,tv,air condition','25','127389');
INSERT INTO Hotel_Room (Repairs_need,Expandable,View,Capacity,Amenities,Price,Hotel_ID)
VALUES ('broken chair','extra beds','none','3','fridge,tv,air condition','35','127389');
INSERT INTO Hotel_Room (Repairs_need,Expandable,View,Capacity,Amenities,Price,Hotel_ID)
VALUES ('none','no','sea','4','fridge,tv,air condition','45','127389');
INSERT INTO Hotel_Room (Repairs_need,Expandable,View,Capacity,Amenities,Price,Hotel_ID)
VALUES ('broken chair','no','sea','5','fridge,tv,air condition','55','123890');
INSERT INTO Hotel_Room (Repairs_need,Expandable,View,Capacity,Amenities,Price,Hotel_ID)
VALUES ('none','extra beds','none','1','fridge,tv,air condition','15','123890');
INSERT INTO Hotel_Room (Repairs_need,Expandable,View,Capacity,Amenities,Price,Hotel_ID)
VALUES ('broken pipe','extra beds','sea','2','fridge,tv,air condition','25','123890');
INSERT INTO Hotel_Room (Repairs_need,Expandable,View,Capacity,Amenities,Price,Hotel_ID)
VALUES ('broken window','no','sea','3','fridge,tv,air condition','35','123890');
INSERT INTO Hotel_Room (Repairs_need,Expandable,View,Capacity,Amenities,Price,Hotel_ID)
VALUES ('none','no','sea','4','fridge,tv,air condition','45','123890');
USE ehotels;
INSERT INTO Has_Hotels (Hotel_group_ID,Hotel_ID)
VALUES ('13000','131296');
INSERT INTO Has_Hotels (Hotel_group_ID,Hotel_ID)
VALUES ('13000','130796');
INSERT INTO Has_Hotels (Hotel_group_ID,Hotel_ID)
VALUES ('13000','130296');
INSERT INTO Has_Hotels (Hotel_group_ID,Hotel_ID)
VALUES ('13000','130896');
INSERT INTO Has_Hotels (Hotel_group_ID,Hotel_ID)
VALUES ('13000','130455');
INSERT INTO Has_Hotels (Hotel_group_ID,Hotel_ID)
VALUES ('17000','170796');
INSERT INTO Has_Hotels (Hotel_group_ID,Hotel_ID)
VALUES ('17000','170989');
INSERT INTO Has_Hotels (Hotel_group_ID,Hotel_ID)
VALUES ('17000','175467');
INSERT INTO Has_Hotels (Hotel_group_ID,Hotel_ID)
VALUES ('17000','175463');
INSERT INTO Has_Hotels (Hotel_group_ID,Hotel_ID)
VALUES ('17000','174890');
INSERT INTO Has_Hotels (Hotel_group_ID,Hotel_ID)
VALUES ('16000','168867');
INSERT INTO Has_Hotels (Hotel_group_ID,Hotel_ID)
VALUES ('16000','167834');
INSERT INTO Has_Hotels (Hotel_group_ID,Hotel_ID)
VALUES ('16000','164356');
INSERT INTO Has_Hotels (Hotel_group_ID,Hotel_ID)
VALUES ('16000','163589');
INSERT INTO Has_Hotels (Hotel_group_ID,Hotel_ID)
VALUES ('16000','163290');
INSERT INTO Has_Hotels (Hotel_group_ID,Hotel_ID)
VALUES ('19000','189067');
INSERT INTO Has_Hotels (Hotel_group_ID,Hotel_ID)
VALUES ('19000','187635');
INSERT INTO Has_Hotels (Hotel_group_ID,Hotel_ID)
VALUES ('19000','185438');
INSERT INTO Has_Hotels (Hotel_group_ID,Hotel_ID)
VALUES ('19000','189076');
INSERT INTO Has_Hotels (Hotel_group_ID,Hotel_ID)
VALUES ('19000','187635');
INSERT INTO Has_Hotels (Hotel_group_ID,Hotel_ID)
VALUES ('12000','127836');
INSERT INTO Has_Hotels (Hotel_group_ID,Hotel_ID)
VALUES ('12000','126739');
INSERT INTO Has_Hotels (Hotel_group_ID,Hotel_ID)
VALUES ('12000','127093');
INSERT INTO Has_Hotels (Hotel_group_ID,Hotel_ID)
VALUES ('12000','127389');
INSERT INTO Has_Hotels (Hotel_group_ID,Hotel_ID)
VALUES ('12000','123890');
USE ehotels;
INSERT INTO Rents (IRS_Number_E,IRS_Number_C,Room_ID,Start_Date,Finish_Date,Payment_id)
VALUES ('1324341904','1750890924','10001','08/05/18','13/05/18','3088');
INSERT INTO Rents (IRS_Number_E,IRS_Number_C,Room_ID,Start_Date,Finish_Date,Payment_id)
VALUES ('8906789549','1587855266','10002','10/05/18','14/05/18','4699');
INSERT INTO Rents (IRS_Number_E,IRS_Number_C,Room_ID,Start_Date,Finish_Date,Payment_id)
VALUES ('4324211134','1953990713','10003','04/06/18','08/06/18','3333');
INSERT INTO Rents (IRS_Number_E,IRS_Number_C,Room_ID,Start_Date,Finish_Date,Payment_id)
VALUES ('9056793445','1474592513','10004','06/06/18','09/06/18','5788');
INSERT INTO Rents (IRS_Number_E,IRS_Number_C,Room_ID,Start_Date,Finish_Date,Payment_id)
VALUES ('6509405633','1646254310','10005','14/06/18','18/06/18','1904');
INSERT INTO Rents (IRS_Number_E,IRS_Number_C,Room_ID,Start_Date,Finish_Date,Payment_id)
VALUES ('8954930543','1102543023','10006','26/06/18','28/06/18','6704');
INSERT INTO Rents (IRS_Number_E,IRS_Number_C,Room_ID,Start_Date,Finish_Date,Payment_id)
VALUES ('4593353435','1671659129','10007','02/07/18','06/07/18','4284');
INSERT INTO Rents (IRS_Number_E,IRS_Number_C,Room_ID,Start_Date,Finish_Date,Payment_id)
VALUES ('5353534534','1041389314','10008','24/07/18','26/07/18','4566');
INSERT INTO Rents (IRS_Number_E,IRS_Number_C,Room_ID,Start_Date,Finish_Date,Payment_id)
VALUES ('9345345345','1679695968','10009','25/07/18','29/07/18','1532');
INSERT INTO Rents (IRS_Number_E,IRS_Number_C,Room_ID,Start_Date,Finish_Date,Payment_id)
VALUES ('5345353245','1781174254','10010','30/07/18','31/07/18','1802');
INSERT INTO Rents (IRS_Number_E,IRS_Number_C,Room_ID,Start_Date,Finish_Date,Payment_id)
VALUES ('5634653425','1488864030','10011','15/08/18','20/08/18','9712');
INSERT INTO Rents (IRS_Number_E,IRS_Number_C,Room_ID,Start_Date,Finish_Date,Payment_id)
VALUES ('8543935222','1426266251','10012','04/09/18','10/09/18','2234');
INSERT INTO Rents (IRS_Number_E,IRS_Number_C,Room_ID,Start_Date,Finish_Date,Payment_id)
VALUES ('5345453535','1668826498','10013','06/09/18','16/09/18','7299');
INSERT INTO Rents (IRS_Number_E,IRS_Number_C,Room_ID,Start_Date,Finish_Date,Payment_id)
VALUES ('5345345345','1068671487','10014','13/09/18','23/09/18','6820');
INSERT INTO Rents (IRS_Number_E,IRS_Number_C,Room_ID,Start_Date,Finish_Date,Payment_id)
VALUES ('2343241241','1996432928','10015','19/09/18','27/09/18','9267');
INSERT INTO Rents (IRS_Number_E,IRS_Number_C,Room_ID,Start_Date,Finish_Date,Payment_id)
VALUES ('5543534532','1733976305','10016','25/09/18','30/09/18','2887');
INSERT INTO Rents (IRS_Number_E,IRS_Number_C,Room_ID,Start_Date,Finish_Date,Payment_id)
VALUES ('4532424432','1164265015','10017','05/10/18','18/10/18','2207');
INSERT INTO Rents (IRS_Number_E,IRS_Number_C,Room_ID,Start_Date,Finish_Date,Payment_id)
VALUES ('4234241454','1730747575','10018','11/10/18','14/10/18','2201');
INSERT INTO Rents (IRS_Number_E,IRS_Number_C,Room_ID,Start_Date,Finish_Date,Payment_id)
VALUES ('8967492394','1919299912','10019','16/10/18','18/10/18','7051');
INSERT INTO Rents (IRS_Number_E,IRS_Number_C,Room_ID,Start_Date,Finish_Date,Payment_id)
VALUES ('9019341343','1593009679','10020','01/11/18','18/11/18','6362');
INSERT INTO Rents (IRS_Number_E,IRS_Number_C,Room_ID,Start_Date,Finish_Date,Payment_id)
VALUES ('5245035412','1953910624','10021','29/11/18','30/11/18','5876');
INSERT INTO Rents (IRS_Number_E,IRS_Number_C,Room_ID,Start_Date,Finish_Date,Payment_id)
VALUES ('1459105403','1178081646','10022','06/12/18','16/12/18','4837');
INSERT INTO Rents (IRS_Number_E,IRS_Number_C,Room_ID,Start_Date,Finish_Date,Payment_id)
VALUES ('4305438932','1110271866','10023','07/12/18','17/12/18','5701');
INSERT INTO Rents (IRS_Number_E,IRS_Number_C,Room_ID,Start_Date,Finish_Date,Payment_id)
VALUES ('4043592541','2021684517','10024','14/12/18','19/12/18','8411');
INSERT INTO Rents (IRS_Number_E,IRS_Number_C,Room_ID,Start_Date,Finish_Date,Payment_id)
VALUES ('7803245914','2073995489','10025','19/12/18','26/12/18','8731');
INSERT INTO Rents (IRS_Number_E,IRS_Number_C,Room_ID,Start_Date,Finish_Date,Payment_id)
VALUES ('9094527845','1992667871','10026','31/05/18','09/06/18','1347');
INSERT INTO Rents (IRS_Number_E,IRS_Number_C,Room_ID,Start_Date,Finish_Date,Payment_id)
VALUES ('8034572534','1074807521','10027','05/06/18','15/06/18','5236');
INSERT INTO Rents (IRS_Number_E,IRS_Number_C,Room_ID,Start_Date,Finish_Date,Payment_id)
VALUES ('2012441134','1001142427','10028','28/06/18','29/06/18','7091');
INSERT INTO Rents (IRS_Number_E,IRS_Number_C,Room_ID,Start_Date,Finish_Date,Payment_id)
VALUES ('5435345094','2095857460','10029','06/07/18','16/07/18','1869');
INSERT INTO Rents (IRS_Number_E,IRS_Number_C,Room_ID,Start_Date,Finish_Date,Payment_id)
VALUES ('5680923412','1101477222','10030','10/07/18','18/07/18','2445');
INSERT INTO Rents (IRS_Number_E,IRS_Number_C,Room_ID,Start_Date,Finish_Date,Payment_id)
VALUES ('1110043344','1049367104','10031','12/07/18','18/07/18','4126');
INSERT INTO Rents (IRS_Number_E,IRS_Number_C,Room_ID,Start_Date,Finish_Date,Payment_id)
VALUES ('2200043224','1447587418','10032','16/07/18','19/07/18','3745');
INSERT INTO Rents (IRS_Number_E,IRS_Number_C,Room_ID,Start_Date,Finish_Date,Payment_id)
VALUES ('5423500000','1162239467','10033','17/07/18','19/07/18','1486');
INSERT INTO Rents (IRS_Number_E,IRS_Number_C,Room_ID,Start_Date,Finish_Date,Payment_id)
VALUES ('6900000013','2086250509','10034','27/07/18','29/07/18','6863');
INSERT INTO Rents (IRS_Number_E,IRS_Number_C,Room_ID,Start_Date,Finish_Date,Payment_id)
VALUES ('6570000031','1575492804','10035','30/07/18','31/07/18','5667');
INSERT INTO Rents (IRS_Number_E,IRS_Number_C,Room_ID,Start_Date,Finish_Date,Payment_id)
VALUES ('3424210011','1587383018','10036','15/08/18','19/08/18','5271');
INSERT INTO Rents (IRS_Number_E,IRS_Number_C,Room_ID,Start_Date,Finish_Date,Payment_id)
VALUES ('4532412001','1688595397','10037','17/08/18','19/08/18','9913');
INSERT INTO Rents (IRS_Number_E,IRS_Number_C,Room_ID,Start_Date,Finish_Date,Payment_id)
VALUES ('5434520001','2107960340','10038','24/08/18','28/08/18','1179');
INSERT INTO Rents (IRS_Number_E,IRS_Number_C,Room_ID,Start_Date,Finish_Date,Payment_id)
VALUES ('5432543001','1340522738','10039','28/08/18','29/08/18','7943');
INSERT INTO Rents (IRS_Number_E,IRS_Number_C,Room_ID,Start_Date,Finish_Date,Payment_id)
VALUES ('5234145199','1472870585','10040','13/09/18','19/09/18','4162');
INSERT INTO Rents (IRS_Number_E,IRS_Number_C,Room_ID,Start_Date,Finish_Date,Payment_id)
VALUES ('4546778099','1449291387','10041','03/10/18','13/10/18','4416');
INSERT INTO Rents (IRS_Number_E,IRS_Number_C,Room_ID,Start_Date,Finish_Date,Payment_id)
VALUES ('3340094311','1348888294','10042','12/10/18','18/10/18','7271');
INSERT INTO Rents (IRS_Number_E,IRS_Number_C,Room_ID,Start_Date,Finish_Date,Payment_id)
VALUES ('4324510001','1706995096','10043','17/10/18','19/10/18','7774');
INSERT INTO Rents (IRS_Number_E,IRS_Number_C,Room_ID,Start_Date,Finish_Date,Payment_id)
VALUES ('5452089054','1167921104','10044','26/10/18','29/10/18','8666');
INSERT INTO Rents (IRS_Number_E,IRS_Number_C,Room_ID,Start_Date,Finish_Date,Payment_id)
VALUES ('5430004524','1962491402','10045','30/10/18','31/10/18','2076');
INSERT INTO Rents (IRS_Number_E,IRS_Number_C,Room_ID,Start_Date,Finish_Date,Payment_id)
VALUES ('5445990090','1010090014','10046','15/11/18','19/11/18','1837');
INSERT INTO Rents (IRS_Number_E,IRS_Number_C,Room_ID,Start_Date,Finish_Date,Payment_id)
VALUES ('5400099090','2000715258','10047','19/11/18','22/11/18','2286');
INSERT INTO Rents (IRS_Number_E,IRS_Number_C,Room_ID,Start_Date,Finish_Date,Payment_id)
VALUES ('5788934591','1650778156','10048','26/11/18','29/11/18','4609');
INSERT INTO Rents (IRS_Number_E,IRS_Number_C,Room_ID,Start_Date,Finish_Date,Payment_id)
VALUES ('5499009541','1021520201','10049','03/12/18','13/12/18','3295');
INSERT INTO Rents (IRS_Number_E,IRS_Number_C,Room_ID,Start_Date,Finish_Date,Payment_id)
VALUES ('5490089094','1295177073','10050','18/12/18','19/12/18','5878');
INSERT INTO Rents (IRS_Number_E,IRS_Number_C,Room_ID,Start_Date,Finish_Date,Payment_id)
VALUES ('5482924022','1217711039','10051','16/05/18','19/05/18','3714');
INSERT INTO Rents (IRS_Number_E,IRS_Number_C,Room_ID,Start_Date,Finish_Date,Payment_id)
VALUES ('5490924302','1520563807','10052','21/05/18','27/05/18','2239');
INSERT INTO Rents (IRS_Number_E,IRS_Number_C,Room_ID,Start_Date,Finish_Date,Payment_id)
VALUES ('8909894312','1177060000','10053','14/06/18','19/06/18','3255');
INSERT INTO Rents (IRS_Number_E,IRS_Number_C,Room_ID,Start_Date,Finish_Date,Payment_id)
VALUES ('9076520422','1278556694','10054','02/07/18','12/07/18','3988');
INSERT INTO Rents (IRS_Number_E,IRS_Number_C,Room_ID,Start_Date,Finish_Date,Payment_id)
VALUES ('8459202122','1478629312','10055','04/07/18','14/07/18','4349');
INSERT INTO Rents (IRS_Number_E,IRS_Number_C,Room_ID,Start_Date,Finish_Date,Payment_id)
VALUES ('2034589230','1200604182','10056','31/07/18','09/08/18','2279');
INSERT INTO Rents (IRS_Number_E,IRS_Number_C,Room_ID,Start_Date,Finish_Date,Payment_id)
VALUES ('5439345232','1245917498','10057','07/08/18','17/08/18','6690');
INSERT INTO Rents (IRS_Number_E,IRS_Number_C,Room_ID,Start_Date,Finish_Date,Payment_id)
VALUES ('4532453215','1668372365','10058','31/08/18','04/09/18','5803');
INSERT INTO Rents (IRS_Number_E,IRS_Number_C,Room_ID,Start_Date,Finish_Date,Payment_id)
VALUES ('4903451212','1158003293','10059','03/09/18','13/09/18','8378');
INSERT INTO Rents (IRS_Number_E,IRS_Number_C,Room_ID,Start_Date,Finish_Date,Payment_id)
VALUES ('5321200945','1263889086','10060','10/09/18','16/09/18','4862');
INSERT INTO Rents (IRS_Number_E,IRS_Number_C,Room_ID,Start_Date,Finish_Date,Payment_id)
VALUES ('5678901411','1289404710','10061','19/09/18','23/09/18','7648');
INSERT INTO Rents (IRS_Number_E,IRS_Number_C,Room_ID,Start_Date,Finish_Date,Payment_id)
VALUES ('5439253458','1246544942','10062','21/09/18','25/09/18','4745');
INSERT INTO Rents (IRS_Number_E,IRS_Number_C,Room_ID,Start_Date,Finish_Date,Payment_id)
VALUES ('5347814902','1159520070','10063','25/09/18','29/09/18','1666');
INSERT INTO Rents (IRS_Number_E,IRS_Number_C,Room_ID,Start_Date,Finish_Date,Payment_id)
VALUES ('5423740744','2039391748','10064','26/09/18','29/09/18','8960');
INSERT INTO Rents (IRS_Number_E,IRS_Number_C,Room_ID,Start_Date,Finish_Date,Payment_id)
VALUES ('7830221134','2145487797','10065','12/10/18','18/10/18','7979');
INSERT INTO Rents (IRS_Number_E,IRS_Number_C,Room_ID,Start_Date,Finish_Date,Payment_id)
VALUES ('5435997133','2144732449','10066','18/10/18','21/10/18','4543');
INSERT INTO Rents (IRS_Number_E,IRS_Number_C,Room_ID,Start_Date,Finish_Date,Payment_id)
VALUES ('5421809453','1655974818','10067','30/10/18','31/10/18','3054');
INSERT INTO Rents (IRS_Number_E,IRS_Number_C,Room_ID,Start_Date,Finish_Date,Payment_id)
VALUES ('7658099111','1101038683','10068','31/10/18','14/11/18','8057');
INSERT INTO Rents (IRS_Number_E,IRS_Number_C,Room_ID,Start_Date,Finish_Date,Payment_id)
VALUES ('5637920132','1401274868','10069','13/11/18','19/11/18','9634');
INSERT INTO Rents (IRS_Number_E,IRS_Number_C,Room_ID,Start_Date,Finish_Date,Payment_id)
VALUES ('5437390132','1772592744','10070','14/11/18','19/11/18','9727');
INSERT INTO Rents (IRS_Number_E,IRS_Number_C,Room_ID,Start_Date,Finish_Date,Payment_id)
VALUES ('4816461285','1013631295','10071','21/11/18','25/11/18','9715');
INSERT INTO Rents (IRS_Number_E,IRS_Number_C,Room_ID,Start_Date,Finish_Date,Payment_id)
VALUES ('1232901234','1807779670','10072','23/11/18','28/11/18','4554');
INSERT INTO Rents (IRS_Number_E,IRS_Number_C,Room_ID,Start_Date,Finish_Date,Payment_id)
VALUES ('8349100334','1657373129','10072','28/11/18','29/11/18','9694');
INSERT INTO Rents (IRS_Number_E,IRS_Number_C,Room_ID,Start_Date,Finish_Date,Payment_id)
VALUES ('4385934251','1818525548','10073','14/12/18','18/12/18','8934');
INSERT INTO Rents (IRS_Number_E,IRS_Number_C,Room_ID,Start_Date,Finish_Date,Payment_id)
VALUES ('1144553622','1718941352','10074','18/12/18','23/12/18','5348');
INSERT INTO Rents (IRS_Number_E,IRS_Number_C,Room_ID,Start_Date,Finish_Date,Payment_id)
VALUES ('8899843022','2118029620','10075','31/05/18','03/06/18','6267');
INSERT INTO Rents (IRS_Number_E,IRS_Number_C,Room_ID,Start_Date,Finish_Date,Payment_id)
VALUES ('2222689934','1707255553','10076','01/06/18','14/06/18','3120');
INSERT INTO Rents (IRS_Number_E,IRS_Number_C,Room_ID,Start_Date,Finish_Date,Payment_id)
VALUES ('4327438221','1605057151','10077','13/06/18','19/06/18','8161');
INSERT INTO Rents (IRS_Number_E,IRS_Number_C,Room_ID,Start_Date,Finish_Date,Payment_id)
VALUES ('4525334513','1847472046','10078','19/06/18','21/06/18','9753');
INSERT INTO Rents (IRS_Number_E,IRS_Number_C,Room_ID,Start_Date,Finish_Date,Payment_id)
VALUES ('4234234124','1428671072','10079','21/06/18','29/06/18','4068');
INSERT INTO Rents (IRS_Number_E,IRS_Number_C,Room_ID,Start_Date,Finish_Date,Payment_id)
VALUES ('4521342143','1459849528','10080','22/06/18','29/06/18','8929');
INSERT INTO Rents (IRS_Number_E,IRS_Number_C,Room_ID,Start_Date,Finish_Date,Payment_id)
VALUES ('3421149113','1814320444','10081','26/06/18','27/06/18','2600');
INSERT INTO Rents (IRS_Number_E,IRS_Number_C,Room_ID,Start_Date,Finish_Date,Payment_id)
VALUES ('4124890011','1372726643','10082','05/07/18','15/07/18','7923');
INSERT INTO Rents (IRS_Number_E,IRS_Number_C,Room_ID,Start_Date,Finish_Date,Payment_id)
VALUES ('4332000211','1192242876','10083','06/07/18','16/07/18','7045');
INSERT INTO Rents (IRS_Number_E,IRS_Number_C,Room_ID,Start_Date,Finish_Date,Payment_id)
VALUES ('3478890012','1122877265','10084','18/07/18','22/07/18','5790');
INSERT INTO Rents (IRS_Number_E,IRS_Number_C,Room_ID,Start_Date,Finish_Date,Payment_id)
VALUES ('7899000032','1152971838','10085','19/07/18','26/07/18','7340');
INSERT INTO Rents (IRS_Number_E,IRS_Number_C,Room_ID,Start_Date,Finish_Date,Payment_id)
VALUES ('4909002111','1373416961','10086','23/07/18','28/07/18','9388');
INSERT INTO Rents (IRS_Number_E,IRS_Number_C,Room_ID,Start_Date,Finish_Date,Payment_id)
VALUES ('4300001134','1310868126','10087','30/07/18','31/07/18','9895');
INSERT INTO Rents (IRS_Number_E,IRS_Number_C,Room_ID,Start_Date,Finish_Date,Payment_id)
VALUES ('5477900011','1985097509','10088','06/08/18','16/08/18','2763');
INSERT INTO Rents (IRS_Number_E,IRS_Number_C,Room_ID,Start_Date,Finish_Date,Payment_id)
VALUES ('3422341113','1392147589','10089','15/08/18','19/08/18','3124');
INSERT INTO Rents (IRS_Number_E,IRS_Number_C,Room_ID,Start_Date,Finish_Date,Payment_id)
VALUES ('4322221478','1252797418','10090','17/08/18','19/08/18','8785');
INSERT INTO Rents (IRS_Number_E,IRS_Number_C,Room_ID,Start_Date,Finish_Date,Payment_id)
VALUES ('4324211001','1491425690','10091','04/09/18','24/09/18','8550');
INSERT INTO Rents (IRS_Number_E,IRS_Number_C,Room_ID,Start_Date,Finish_Date,Payment_id)
VALUES ('3131300011','1005983458','10092','20/09/18','28/09/18','7873');
INSERT INTO Rents (IRS_Number_E,IRS_Number_C,Room_ID,Start_Date,Finish_Date,Payment_id)
VALUES ('4322443111','1360759659','10093','25/09/18','29/09/18','2791');
INSERT INTO Rents (IRS_Number_E,IRS_Number_C,Room_ID,Start_Date,Finish_Date,Payment_id)
VALUES ('8890045311','1201370884','10095','25/10/18','29/10/18','2866');
INSERT INTO Rents (IRS_Number_E,IRS_Number_C,Room_ID,Start_Date,Finish_Date,Payment_id)
VALUES ('5747882934','1957555580','10096','26/10/18','29/10/18','7623');
INSERT INTO Rents (IRS_Number_E,IRS_Number_C,Room_ID,Start_Date,Finish_Date,Payment_id)
VALUES ('4329010134','1244851622','10097','29/10/18','30/10/18','8958');
INSERT INTO Rents (IRS_Number_E,IRS_Number_C,Room_ID,Start_Date,Finish_Date,Payment_id)
VALUES ('4313400013','1406306092','10098','13/11/18','17/11/18','2153');
INSERT INTO Rents (IRS_Number_E,IRS_Number_C,Room_ID,Start_Date,Finish_Date,Payment_id)
VALUES ('4538890134','1791375793','10099','28/11/18','30/11/18','6739');
INSERT INTO Rents (IRS_Number_E,IRS_Number_C,Room_ID,Start_Date,Finish_Date,Payment_id)
VALUES ('4329991343','1849926676','10100','30/11/18','05/12/18','7626');
INSERT INTO Rents (IRS_Number_E,IRS_Number_C,Room_ID,Start_Date,Finish_Date,Payment_id)
VALUES ('1876733266','1129674939','10101','10/05/18','18/05/18','7892');
INSERT INTO Rents (IRS_Number_E,IRS_Number_C,Room_ID,Start_Date,Finish_Date,Payment_id)
VALUES ('5843882414','1342397291','10102','21/05/18','28/05/18','3077');
INSERT INTO Rents (IRS_Number_E,IRS_Number_C,Room_ID,Start_Date,Finish_Date,Payment_id)
VALUES ('2007365636','1872695333','10103','05/06/18','09/06/18','2643');
INSERT INTO Rents (IRS_Number_E,IRS_Number_C,Room_ID,Start_Date,Finish_Date,Payment_id)
VALUES ('4975313885','1764021063','10104','14/06/18','18/06/18','3922');
INSERT INTO Rents (IRS_Number_E,IRS_Number_C,Room_ID,Start_Date,Finish_Date,Payment_id)
VALUES ('2239031242','1352919919','10105','21/06/18','29/06/18','3277');
INSERT INTO Rents (IRS_Number_E,IRS_Number_C,Room_ID,Start_Date,Finish_Date,Payment_id)
VALUES ('4872617592','1868928788','10106','26/06/18','29/06/18','8702');
INSERT INTO Rents (IRS_Number_E,IRS_Number_C,Room_ID,Start_Date,Finish_Date,Payment_id)
VALUES ('4406883948','1741604366','10107','28/06/18','29/06/18','9831');
INSERT INTO Rents (IRS_Number_E,IRS_Number_C,Room_ID,Start_Date,Finish_Date,Payment_id)
VALUES ('8891623374','1692262729','10108','06/07/18','16/07/18','9692');
INSERT INTO Rents (IRS_Number_E,IRS_Number_C,Room_ID,Start_Date,Finish_Date,Payment_id)
VALUES ('4050430873','1899838541','10109','25/07/18','29/07/18','3303');
INSERT INTO Rents (IRS_Number_E,IRS_Number_C,Room_ID,Start_Date,Finish_Date,Payment_id)
VALUES ('7101488746','1589452801','10110','08/08/18','18/08/18','2940');
INSERT INTO Rents (IRS_Number_E,IRS_Number_C,Room_ID,Start_Date,Finish_Date,Payment_id)
VALUES ('1256186394','1656142054','10111','15/08/18','19/08/18','3525');
INSERT INTO Rents (IRS_Number_E,IRS_Number_C,Room_ID,Start_Date,Finish_Date,Payment_id)
VALUES ('7694727702','1910840933','10112','16/08/18','19/08/18','5513');
INSERT INTO Rents (IRS_Number_E,IRS_Number_C,Room_ID,Start_Date,Finish_Date,Payment_id)
VALUES ('4954905679','1484347803','10113','27/08/18','29/08/18','5650');
INSERT INTO Rents (IRS_Number_E,IRS_Number_C,Room_ID,Start_Date,Finish_Date,Payment_id)
VALUES ('2187214103','1879861769','10114','06/09/18','16/09/18','3145');
INSERT INTO Rents (IRS_Number_E,IRS_Number_C,Room_ID,Start_Date,Finish_Date,Payment_id)
VALUES ('9027342157','1596322089','10115','11/09/18','18/09/18','3756');
INSERT INTO Rents (IRS_Number_E,IRS_Number_C,Room_ID,Start_Date,Finish_Date,Payment_id)
VALUES ('3843061490','1318742911','10116','14/09/18','19/09/18','2677');
INSERT INTO Rents (IRS_Number_E,IRS_Number_C,Room_ID,Start_Date,Finish_Date,Payment_id)
VALUES ('1144630805','1563026609','10117','16/10/18','19/10/18','9950');
INSERT INTO Rents (IRS_Number_E,IRS_Number_C,Room_ID,Start_Date,Finish_Date,Payment_id)
VALUES ('6375903500','1818826481','10118','26/10/18','29/10/18','3354');
INSERT INTO Rents (IRS_Number_E,IRS_Number_C,Room_ID,Start_Date,Finish_Date,Payment_id)
VALUES ('5139009028','1749673616','10119','02/11/18','08/11/18','1739');
INSERT INTO Rents (IRS_Number_E,IRS_Number_C,Room_ID,Start_Date,Finish_Date,Payment_id)
VALUES ('5542681399','1187114725','10120','09/11/18','13/11/18','5018');
INSERT INTO Rents (IRS_Number_E,IRS_Number_C,Room_ID,Start_Date,Finish_Date,Payment_id)
VALUES ('9106662131','1620311527','10121','03/12/18','13/12/18','5252');
INSERT INTO Rents (IRS_Number_E,IRS_Number_C,Room_ID,Start_Date,Finish_Date,Payment_id)
VALUES ('7418959699','1370850284','10122','07/12/18','17/12/18','4980');
INSERT INTO Rents (IRS_Number_E,IRS_Number_C,Room_ID,Start_Date,Finish_Date,Payment_id)
VALUES ('783261758','2118087330','10123','20/12/18','30/12/18','3481');
INSERT INTO Rents (IRS_Number_E,IRS_Number_C,Room_ID,Start_Date,Finish_Date,Payment_id)
VALUES ('1514993639','2056330298','10124','21/12/18','26/12/18','4953');
INSERT INTO Rents (IRS_Number_E,IRS_Number_C,Room_ID,Start_Date,Finish_Date,Payment_id)
VALUES ('9882572819','1468110285','10125','28/12/18','30/12/18','7403');
USE ehotels;
INSERT INTO Payment_Transaction (Payment_ID,Payment_Amount,Payment_Method)
VALUES ('3088','185','card');
INSERT INTO Payment_Transaction (Payment_ID,Payment_Amount,Payment_Method)
VALUES ('4699','299','cash');
INSERT INTO Payment_Transaction (Payment_ID,Payment_Amount,Payment_Method)
VALUES ('3333','158','card');
INSERT INTO Payment_Transaction (Payment_ID,Payment_Amount,Payment_Method)
VALUES ('5788','107','card');
INSERT INTO Payment_Transaction (Payment_ID,Payment_Amount,Payment_Method)
VALUES ('1904','380','cash');
INSERT INTO Payment_Transaction (Payment_ID,Payment_Amount,Payment_Method)
VALUES ('6704','383','cash');
INSERT INTO Payment_Transaction (Payment_ID,Payment_Amount,Payment_Method)
VALUES ('4284','222','cash');
INSERT INTO Payment_Transaction (Payment_ID,Payment_Amount,Payment_Method)
VALUES ('4566','163','card');
INSERT INTO Payment_Transaction (Payment_ID,Payment_Amount,Payment_Method)
VALUES ('1532','42','card');
INSERT INTO Payment_Transaction (Payment_ID,Payment_Amount,Payment_Method)
VALUES ('1802','231','card');
INSERT INTO Payment_Transaction (Payment_ID,Payment_Amount,Payment_Method)
VALUES ('9712','31','cash');
INSERT INTO Payment_Transaction (Payment_ID,Payment_Amount,Payment_Method)
VALUES ('2234','215','card');
INSERT INTO Payment_Transaction (Payment_ID,Payment_Amount,Payment_Method)
VALUES ('7299','196','card');
INSERT INTO Payment_Transaction (Payment_ID,Payment_Amount,Payment_Method)
VALUES ('6820','135','cash');
INSERT INTO Payment_Transaction (Payment_ID,Payment_Amount,Payment_Method)
VALUES ('9267','363','cash');
INSERT INTO Payment_Transaction (Payment_ID,Payment_Amount,Payment_Method)
VALUES ('2887','137','cash');
INSERT INTO Payment_Transaction (Payment_ID,Payment_Amount,Payment_Method)
VALUES ('2207','92','card');
INSERT INTO Payment_Transaction (Payment_ID,Payment_Amount,Payment_Method)
VALUES ('2201','308','card');
INSERT INTO Payment_Transaction (Payment_ID,Payment_Amount,Payment_Method)
VALUES ('7051','45','card');
INSERT INTO Payment_Transaction (Payment_ID,Payment_Amount,Payment_Method)
VALUES ('6362','136','cash');
INSERT INTO Payment_Transaction (Payment_ID,Payment_Amount,Payment_Method)
VALUES ('5876','265','card');
INSERT INTO Payment_Transaction (Payment_ID,Payment_Amount,Payment_Method)
VALUES ('4837','391','card');
INSERT INTO Payment_Transaction (Payment_ID,Payment_Amount,Payment_Method)
VALUES ('5701','316','cash');
INSERT INTO Payment_Transaction (Payment_ID,Payment_Amount,Payment_Method)
VALUES ('8411','229','cash');
INSERT INTO Payment_Transaction (Payment_ID,Payment_Amount,Payment_Method)
VALUES ('8731','290','cash');
INSERT INTO Payment_Transaction (Payment_ID,Payment_Amount,Payment_Method)
VALUES ('1347','266','card');
INSERT INTO Payment_Transaction (Payment_ID,Payment_Amount,Payment_Method)
VALUES ('5236','382','card');
INSERT INTO Payment_Transaction (Payment_ID,Payment_Amount,Payment_Method)
VALUES ('7091','199','card');
INSERT INTO Payment_Transaction (Payment_ID,Payment_Amount,Payment_Method)
VALUES ('1869','379','cash');
INSERT INTO Payment_Transaction (Payment_ID,Payment_Amount,Payment_Method)
VALUES ('2445','397','card');
INSERT INTO Payment_Transaction (Payment_ID,Payment_Amount,Payment_Method)
VALUES ('4126','50','card');
INSERT INTO Payment_Transaction (Payment_ID,Payment_Amount,Payment_Method)
VALUES ('3745','188','cash');
INSERT INTO Payment_Transaction (Payment_ID,Payment_Amount,Payment_Method)
VALUES ('1486','130','cash');
INSERT INTO Payment_Transaction (Payment_ID,Payment_Amount,Payment_Method)
VALUES ('6863','41','cash');
INSERT INTO Payment_Transaction (Payment_ID,Payment_Amount,Payment_Method)
VALUES ('5667','112','card');
INSERT INTO Payment_Transaction (Payment_ID,Payment_Amount,Payment_Method)
VALUES ('5271','145','card');
INSERT INTO Payment_Transaction (Payment_ID,Payment_Amount,Payment_Method)
VALUES ('9913','139','card');
INSERT INTO Payment_Transaction (Payment_ID,Payment_Amount,Payment_Method)
VALUES ('1179','68','cash');
INSERT INTO Payment_Transaction (Payment_ID,Payment_Amount,Payment_Method)
VALUES ('7943','108','card');
INSERT INTO Payment_Transaction (Payment_ID,Payment_Amount,Payment_Method)
VALUES ('4162','54','card');
INSERT INTO Payment_Transaction (Payment_ID,Payment_Amount,Payment_Method)
VALUES ('4416','187','cash');
INSERT INTO Payment_Transaction (Payment_ID,Payment_Amount,Payment_Method)
VALUES ('7271','98','cash');
INSERT INTO Payment_Transaction (Payment_ID,Payment_Amount,Payment_Method)
VALUES ('7774','73','cash');
INSERT INTO Payment_Transaction (Payment_ID,Payment_Amount,Payment_Method)
VALUES ('8666','94','card');
INSERT INTO Payment_Transaction (Payment_ID,Payment_Amount,Payment_Method)
VALUES ('2076','145','card');
INSERT INTO Payment_Transaction (Payment_ID,Payment_Amount,Payment_Method)
VALUES ('1837','179','card');
INSERT INTO Payment_Transaction (Payment_ID,Payment_Amount,Payment_Method)
VALUES ('2286','113','cash');
INSERT INTO Payment_Transaction (Payment_ID,Payment_Amount,Payment_Method)
VALUES ('4609','86','card');
INSERT INTO Payment_Transaction (Payment_ID,Payment_Amount,Payment_Method)
VALUES ('3295','191','card');
INSERT INTO Payment_Transaction (Payment_ID,Payment_Amount,Payment_Method)
VALUES ('5878','99','cash');
INSERT INTO Payment_Transaction (Payment_ID,Payment_Amount,Payment_Method)
VALUES ('3714','195','cash');
INSERT INTO Payment_Transaction (Payment_ID,Payment_Amount,Payment_Method)
VALUES ('2239','60','cash');
INSERT INTO Payment_Transaction (Payment_ID,Payment_Amount,Payment_Method)
VALUES ('3255','122','card');
INSERT INTO Payment_Transaction (Payment_ID,Payment_Amount,Payment_Method)
VALUES ('3988','127','card');
INSERT INTO Payment_Transaction (Payment_ID,Payment_Amount,Payment_Method)
VALUES ('4349','78','card');
INSERT INTO Payment_Transaction (Payment_ID,Payment_Amount,Payment_Method)
VALUES ('2279','145','cash');
INSERT INTO Payment_Transaction (Payment_ID,Payment_Amount,Payment_Method)
VALUES ('6690','130','card');
INSERT INTO Payment_Transaction (Payment_ID,Payment_Amount,Payment_Method)
VALUES ('5803','110','card');
INSERT INTO Payment_Transaction (Payment_ID,Payment_Amount,Payment_Method)
VALUES ('8378','147','cash');
INSERT INTO Payment_Transaction (Payment_ID,Payment_Amount,Payment_Method)
VALUES ('4862','49','cash');
INSERT INTO Payment_Transaction (Payment_ID,Payment_Amount,Payment_Method)
VALUES ('7648','36','cash');
INSERT INTO Payment_Transaction (Payment_ID,Payment_Amount,Payment_Method)
VALUES ('4745','38','card');
INSERT INTO Payment_Transaction (Payment_ID,Payment_Amount,Payment_Method)
VALUES ('1666','26','card');
INSERT INTO Payment_Transaction (Payment_ID,Payment_Amount,Payment_Method)
VALUES ('8960','50','card');
INSERT INTO Payment_Transaction (Payment_ID,Payment_Amount,Payment_Method)
VALUES ('7979','39','cash');
INSERT INTO Payment_Transaction (Payment_ID,Payment_Amount,Payment_Method)
VALUES ('4543','34','card');
INSERT INTO Payment_Transaction (Payment_ID,Payment_Amount,Payment_Method)
VALUES ('3054','47','card');
INSERT INTO Payment_Transaction (Payment_ID,Payment_Amount,Payment_Method)
VALUES ('8057','28','cash');
INSERT INTO Payment_Transaction (Payment_ID,Payment_Amount,Payment_Method)
VALUES ('9634','40','cash');
INSERT INTO Payment_Transaction (Payment_ID,Payment_Amount,Payment_Method)
VALUES ('9727','30','cash');
INSERT INTO Payment_Transaction (Payment_ID,Payment_Amount,Payment_Method)
VALUES ('9715','26','card');
INSERT INTO Payment_Transaction (Payment_ID,Payment_Amount,Payment_Method)
VALUES ('4554','25','card');
INSERT INTO Payment_Transaction (Payment_ID,Payment_Amount,Payment_Method)
VALUES ('9694','33','card');
INSERT INTO Payment_Transaction (Payment_ID,Payment_Amount,Payment_Method)
VALUES ('8934','42','cash');
INSERT INTO Payment_Transaction (Payment_ID,Payment_Amount,Payment_Method)
VALUES ('5348','44','card');
INSERT INTO Payment_Transaction (Payment_ID,Payment_Amount,Payment_Method)
VALUES ('6267','49','card');
INSERT INTO Payment_Transaction (Payment_ID,Payment_Amount,Payment_Method)
VALUES ('3120','34','cash');
INSERT INTO Payment_Transaction (Payment_ID,Payment_Amount,Payment_Method)
VALUES ('8161','43','cash');
INSERT INTO Payment_Transaction (Payment_ID,Payment_Amount,Payment_Method)
VALUES ('9753','32','cash');
INSERT INTO Payment_Transaction (Payment_ID,Payment_Amount,Payment_Method)
VALUES ('4068','40','card');
INSERT INTO Payment_Transaction (Payment_ID,Payment_Amount,Payment_Method)
VALUES ('8929','85','card');
INSERT INTO Payment_Transaction (Payment_ID,Payment_Amount,Payment_Method)
VALUES ('2600','76','card');
INSERT INTO Payment_Transaction (Payment_ID,Payment_Amount,Payment_Method)
VALUES ('7923','97','cash');
INSERT INTO Payment_Transaction (Payment_ID,Payment_Amount,Payment_Method)
VALUES ('7045','73','card');
INSERT INTO Payment_Transaction (Payment_ID,Payment_Amount,Payment_Method)
VALUES ('5790','68','card');
INSERT INTO Payment_Transaction (Payment_ID,Payment_Amount,Payment_Method)
VALUES ('7340','51','cash');
INSERT INTO Payment_Transaction (Payment_ID,Payment_Amount,Payment_Method)
VALUES ('9388','66','cash');
INSERT INTO Payment_Transaction (Payment_ID,Payment_Amount,Payment_Method)
VALUES ('9895','63','cash');
INSERT INTO Payment_Transaction (Payment_ID,Payment_Amount,Payment_Method)
VALUES ('2763','61','card');
INSERT INTO Payment_Transaction (Payment_ID,Payment_Amount,Payment_Method)
VALUES ('3124','99','card');
INSERT INTO Payment_Transaction (Payment_ID,Payment_Amount,Payment_Method)
VALUES ('8785','35','card');
INSERT INTO Payment_Transaction (Payment_ID,Payment_Amount,Payment_Method)
VALUES ('8550','32','cash');
INSERT INTO Payment_Transaction (Payment_ID,Payment_Amount,Payment_Method)
VALUES ('7873','97','card');
INSERT INTO Payment_Transaction (Payment_ID,Payment_Amount,Payment_Method)
VALUES ('2791','84','card');
INSERT INTO Payment_Transaction (Payment_ID,Payment_Amount,Payment_Method)
VALUES ('2866','78','cash');
INSERT INTO Payment_Transaction (Payment_ID,Payment_Amount,Payment_Method)
VALUES ('7623','62','cash');
INSERT INTO Payment_Transaction (Payment_ID,Payment_Amount,Payment_Method)
VALUES ('8958','30','cash');
INSERT INTO Payment_Transaction (Payment_ID,Payment_Amount,Payment_Method)
VALUES ('2153','49','card');
INSERT INTO Payment_Transaction (Payment_ID,Payment_Amount,Payment_Method)
VALUES ('6739','68','card');
INSERT INTO Payment_Transaction (Payment_ID,Payment_Amount,Payment_Method)
VALUES ('7626','98','card');
INSERT INTO Payment_Transaction (Payment_ID,Payment_Amount,Payment_Method)
VALUES ('7892','50','cash');
INSERT INTO Payment_Transaction (Payment_ID,Payment_Amount,Payment_Method)
VALUES ('3077','94','card');
INSERT INTO Payment_Transaction (Payment_ID,Payment_Amount,Payment_Method)
VALUES ('2643','62','card');
INSERT INTO Payment_Transaction (Payment_ID,Payment_Amount,Payment_Method)
VALUES ('3922','65','cash');
INSERT INTO Payment_Transaction (Payment_ID,Payment_Amount,Payment_Method)
VALUES ('3277','40','cash');
INSERT INTO Payment_Transaction (Payment_ID,Payment_Amount,Payment_Method)
VALUES ('8702','91','cash');
INSERT INTO Payment_Transaction (Payment_ID,Payment_Amount,Payment_Method)
VALUES ('9831','98','card');
INSERT INTO Payment_Transaction (Payment_ID,Payment_Amount,Payment_Method)
VALUES ('9692','30','card');
INSERT INTO Payment_Transaction (Payment_ID,Payment_Amount,Payment_Method)
VALUES ('3303','83','card');
INSERT INTO Payment_Transaction (Payment_ID,Payment_Amount,Payment_Method)
VALUES ('2940','32','cash');
INSERT INTO Payment_Transaction (Payment_ID,Payment_Amount,Payment_Method)
VALUES ('3525','146','card');
INSERT INTO Payment_Transaction (Payment_ID,Payment_Amount,Payment_Method)
VALUES ('5513','255','card');
INSERT INTO Payment_Transaction (Payment_ID,Payment_Amount,Payment_Method)
VALUES ('5650','92','cash');
INSERT INTO Payment_Transaction (Payment_ID,Payment_Amount,Payment_Method)
VALUES ('3145','113','cash');
INSERT INTO Payment_Transaction (Payment_ID,Payment_Amount,Payment_Method)
VALUES ('3756','206','cash');
INSERT INTO Payment_Transaction (Payment_ID,Payment_Amount,Payment_Method)
VALUES ('2677','123','card');
INSERT INTO Payment_Transaction (Payment_ID,Payment_Amount,Payment_Method)
VALUES ('9950','194','card');
INSERT INTO Payment_Transaction (Payment_ID,Payment_Amount,Payment_Method)
VALUES ('3354','222','card');
INSERT INTO Payment_Transaction (Payment_ID,Payment_Amount,Payment_Method)
VALUES ('1739','132','cash');
INSERT INTO Payment_Transaction (Payment_ID,Payment_Amount,Payment_Method)
VALUES ('5018','103','card');
INSERT INTO Payment_Transaction (Payment_ID,Payment_Amount,Payment_Method)
VALUES ('5252','86','card');
INSERT INTO Payment_Transaction (Payment_ID,Payment_Amount,Payment_Method)
VALUES ('4980','59','cash');
INSERT INTO Payment_Transaction (Payment_ID,Payment_Amount,Payment_Method)
VALUES ('3481','190','cash');
INSERT INTO Payment_Transaction (Payment_ID,Payment_Amount,Payment_Method)
VALUES ('4953','264','cash');
INSERT INTO Payment_Transaction (Payment_ID,Payment_Amount,Payment_Method)
VALUES ('7403','161','card');
USE ehotels;
INSERT INTO Reserves (Room_ID,IRS_Number,Start_Date,Paid,Finish_Date,Hotel_ID)
VALUES ('10001','1750890924','08/05/18','yes','13/05/18','131296');
INSERT INTO Reserves (Room_ID,IRS_Number,Start_Date,Paid,Finish_Date,Hotel_ID)
VALUES ('10002','1587855266','10/05/18','no','14/05/18','131296');
INSERT INTO Reserves (Room_ID,IRS_Number,Start_Date,Paid,Finish_Date,Hotel_ID)
VALUES ('10003','1953990713','04/06/18','yes','08/06/18','131296');
INSERT INTO Reserves (Room_ID,IRS_Number,Start_Date,Paid,Finish_Date,Hotel_ID)
VALUES ('10004','1474592513','06/06/18','no','09/06/18','131296');
INSERT INTO Reserves (Room_ID,IRS_Number,Start_Date,Paid,Finish_Date,Hotel_ID)
VALUES ('10005','1646254310','14/06/18','yes','18/06/18','131296');
INSERT INTO Reserves (Room_ID,IRS_Number,Start_Date,Paid,Finish_Date,Hotel_ID)
VALUES ('10006','1102543023','26/06/18','yes','28/06/18','130796');
INSERT INTO Reserves (Room_ID,IRS_Number,Start_Date,Paid,Finish_Date,Hotel_ID)
VALUES ('10007','1671659129','02/07/18','no','06/07/18','130796');
INSERT INTO Reserves (Room_ID,IRS_Number,Start_Date,Paid,Finish_Date,Hotel_ID)
VALUES ('10008','1041389314','24/07/18','no','26/07/18','130796');
INSERT INTO Reserves (Room_ID,IRS_Number,Start_Date,Paid,Finish_Date,Hotel_ID)
VALUES ('10009','1679695968','25/07/18','no','29/07/18','130796');
INSERT INTO Reserves (Room_ID,IRS_Number,Start_Date,Paid,Finish_Date,Hotel_ID)
VALUES ('10010','1781174254','30/07/18','yes','31/07/18','130796');
INSERT INTO Reserves (Room_ID,IRS_Number,Start_Date,Paid,Finish_Date,Hotel_ID)
VALUES ('10011','1488864030','15/08/18','yes','20/08/18','130296');
INSERT INTO Reserves (Room_ID,IRS_Number,Start_Date,Paid,Finish_Date,Hotel_ID)
VALUES ('10012','1426266251','04/09/18','no ','10/09/18','130296');
INSERT INTO Reserves (Room_ID,IRS_Number,Start_Date,Paid,Finish_Date,Hotel_ID)
VALUES ('10013','1668826498','06/09/18','no','16/09/18','130296');
INSERT INTO Reserves (Room_ID,IRS_Number,Start_Date,Paid,Finish_Date,Hotel_ID)
VALUES ('10014','1068671487','13/09/18','yes','23/09/18','130296');
INSERT INTO Reserves (Room_ID,IRS_Number,Start_Date,Paid,Finish_Date,Hotel_ID)
VALUES ('10015','1996432928','19/09/18','yes','27/09/18','130296');
INSERT INTO Reserves (Room_ID,IRS_Number,Start_Date,Paid,Finish_Date,Hotel_ID)
VALUES ('10016','1733976305','25/09/18','yes','30/09/18','130896');
INSERT INTO Reserves (Room_ID,IRS_Number,Start_Date,Paid,Finish_Date,Hotel_ID)
VALUES ('10017','1164265015','05/10/18','yes','18/10/18','130896');
INSERT INTO Reserves (Room_ID,IRS_Number,Start_Date,Paid,Finish_Date,Hotel_ID)
VALUES ('10018','1730747575','11/10/18','yes','14/10/18','130896');
INSERT INTO Reserves (Room_ID,IRS_Number,Start_Date,Paid,Finish_Date,Hotel_ID)
VALUES ('10019','1919299912','16/10/18','yes','18/10/18','130896');
INSERT INTO Reserves (Room_ID,IRS_Number,Start_Date,Paid,Finish_Date,Hotel_ID)
VALUES ('10020','1593009679','01/11/18','no','18/11/18','130896');
INSERT INTO Reserves (Room_ID,IRS_Number,Start_Date,Paid,Finish_Date,Hotel_ID)
VALUES ('10021','1953910624','29/11/18','no','30/11/18','130455');
INSERT INTO Reserves (Room_ID,IRS_Number,Start_Date,Paid,Finish_Date,Hotel_ID)
VALUES ('10022','1178081646','06/12/18','yes','16/12/18','130455');
INSERT INTO Reserves (Room_ID,IRS_Number,Start_Date,Paid,Finish_Date,Hotel_ID)
VALUES ('10023','1110271866','07/12/18','no','17/12/18','130455');
INSERT INTO Reserves (Room_ID,IRS_Number,Start_Date,Paid,Finish_Date,Hotel_ID)
VALUES ('10024','2021684517','14/12/18','yes','19/12/18','130455');
INSERT INTO Reserves (Room_ID,IRS_Number,Start_Date,Paid,Finish_Date,Hotel_ID)
VALUES ('10025','2073995489','19/12/18','no','26/12/18','130455');
INSERT INTO Reserves (Room_ID,IRS_Number,Start_Date,Paid,Finish_Date,Hotel_ID)
VALUES ('10026','1992667871','31/05/18','yes','09/06/18','170796');
INSERT INTO Reserves (Room_ID,IRS_Number,Start_Date,Paid,Finish_Date,Hotel_ID)
VALUES ('10027','1074807521','05/06/18','no','15/06/18','170796');
INSERT INTO Reserves (Room_ID,IRS_Number,Start_Date,Paid,Finish_Date,Hotel_ID)
VALUES ('10028','1001142427','28/06/18','yes','29/06/18','170796');
INSERT INTO Reserves (Room_ID,IRS_Number,Start_Date,Paid,Finish_Date,Hotel_ID)
VALUES ('10029','2095857460','06/07/18','yes','16/07/18','170796');
INSERT INTO Reserves (Room_ID,IRS_Number,Start_Date,Paid,Finish_Date,Hotel_ID)
VALUES ('10030','1101477222','10/07/18','no','18/07/18','170796');
INSERT INTO Reserves (Room_ID,IRS_Number,Start_Date,Paid,Finish_Date,Hotel_ID)
VALUES ('10031','1049367104','12/07/18','yes','18/07/18','170989');
INSERT INTO Reserves (Room_ID,IRS_Number,Start_Date,Paid,Finish_Date,Hotel_ID)
VALUES ('10032','1447587418','16/07/18','no','19/07/18','170989');
INSERT INTO Reserves (Room_ID,IRS_Number,Start_Date,Paid,Finish_Date,Hotel_ID)
VALUES ('10033','1162239467','17/07/18','yes','19/07/18','170989');
INSERT INTO Reserves (Room_ID,IRS_Number,Start_Date,Paid,Finish_Date,Hotel_ID)
VALUES ('10034','2086250509','27/07/18','yes','29/07/18','170989');
INSERT INTO Reserves (Room_ID,IRS_Number,Start_Date,Paid,Finish_Date,Hotel_ID)
VALUES ('10035','1575492804','30/07/18','no','31/07/18','170989');
INSERT INTO Reserves (Room_ID,IRS_Number,Start_Date,Paid,Finish_Date,Hotel_ID)
VALUES ('10036','1587383018','15/08/18','no','19/08/18','175467');
INSERT INTO Reserves (Room_ID,IRS_Number,Start_Date,Paid,Finish_Date,Hotel_ID)
VALUES ('10037','1688595397','17/08/18','no','19/08/18','175467');
INSERT INTO Reserves (Room_ID,IRS_Number,Start_Date,Paid,Finish_Date,Hotel_ID)
VALUES ('10038','2107960340','24/08/18','yes','28/08/18','175467');
INSERT INTO Reserves (Room_ID,IRS_Number,Start_Date,Paid,Finish_Date,Hotel_ID)
VALUES ('10039','1340522738','28/08/18','yes','29/08/18','175467');
INSERT INTO Reserves (Room_ID,IRS_Number,Start_Date,Paid,Finish_Date,Hotel_ID)
VALUES ('10040','1472870585','13/09/18','no ','19/09/18','175467');
INSERT INTO Reserves (Room_ID,IRS_Number,Start_Date,Paid,Finish_Date,Hotel_ID)
VALUES ('10041','1449291387','03/10/18','no','13/10/18','175463');
INSERT INTO Reserves (Room_ID,IRS_Number,Start_Date,Paid,Finish_Date,Hotel_ID)
VALUES ('10042','1348888294','12/10/18','yes','18/10/18','175463');
INSERT INTO Reserves (Room_ID,IRS_Number,Start_Date,Paid,Finish_Date,Hotel_ID)
VALUES ('10043','1706995096','17/10/18','yes','19/10/18','175463');
INSERT INTO Reserves (Room_ID,IRS_Number,Start_Date,Paid,Finish_Date,Hotel_ID)
VALUES ('10044','1167921104','26/10/18','yes','29/10/18','175463');
INSERT INTO Reserves (Room_ID,IRS_Number,Start_Date,Paid,Finish_Date,Hotel_ID)
VALUES ('10045','1962491402','30/10/18','yes','31/10/18','175463');
INSERT INTO Reserves (Room_ID,IRS_Number,Start_Date,Paid,Finish_Date,Hotel_ID)
VALUES ('10046','1010090014','15/11/18','yes','19/11/18','174890');
INSERT INTO Reserves (Room_ID,IRS_Number,Start_Date,Paid,Finish_Date,Hotel_ID)
VALUES ('10047','2000715258','19/11/18','yes','22/11/18','174890');
INSERT INTO Reserves (Room_ID,IRS_Number,Start_Date,Paid,Finish_Date,Hotel_ID)
VALUES ('10048','1650778156','26/11/18','no','29/11/18','174890');
INSERT INTO Reserves (Room_ID,IRS_Number,Start_Date,Paid,Finish_Date,Hotel_ID)
VALUES ('10049','1021520201','03/12/18','no','13/12/18','174890');
INSERT INTO Reserves (Room_ID,IRS_Number,Start_Date,Paid,Finish_Date,Hotel_ID)
VALUES ('10050','1295177073','18/12/18','yes','19/12/18','174890');
INSERT INTO Reserves (Room_ID,IRS_Number,Start_Date,Paid,Finish_Date,Hotel_ID)
VALUES ('10051','1217711039','16/05/18','no','19/05/18','168867');
INSERT INTO Reserves (Room_ID,IRS_Number,Start_Date,Paid,Finish_Date,Hotel_ID)
VALUES ('10052','1520563807','21/05/18','yes','27/05/18','168867');
INSERT INTO Reserves (Room_ID,IRS_Number,Start_Date,Paid,Finish_Date,Hotel_ID)
VALUES ('10053','1177060000','14/06/18','no','19/06/18','168867');
INSERT INTO Reserves (Room_ID,IRS_Number,Start_Date,Paid,Finish_Date,Hotel_ID)
VALUES ('10054','1278556694','02/07/18','yes','12/07/18','168867');
INSERT INTO Reserves (Room_ID,IRS_Number,Start_Date,Paid,Finish_Date,Hotel_ID)
VALUES ('10055','1478629312','04/07/18','no','14/07/18','168867');
INSERT INTO Reserves (Room_ID,IRS_Number,Start_Date,Paid,Finish_Date,Hotel_ID)
VALUES ('10056','1200604182','31/07/18','yes','09/08/18','167834');
INSERT INTO Reserves (Room_ID,IRS_Number,Start_Date,Paid,Finish_Date,Hotel_ID)
VALUES ('10057','1245917498','07/08/18','yes','17/08/18','167834');
INSERT INTO Reserves (Room_ID,IRS_Number,Start_Date,Paid,Finish_Date,Hotel_ID)
VALUES ('10058','1668372365','31/08/18','no','04/09/18','167834');
INSERT INTO Reserves (Room_ID,IRS_Number,Start_Date,Paid,Finish_Date,Hotel_ID)
VALUES ('10059','1158003293','03/09/18','yes','13/09/18','167834');
INSERT INTO Reserves (Room_ID,IRS_Number,Start_Date,Paid,Finish_Date,Hotel_ID)
VALUES ('10060','1263889086','10/09/18','no','16/09/18','167834');
INSERT INTO Reserves (Room_ID,IRS_Number,Start_Date,Paid,Finish_Date,Hotel_ID)
VALUES ('10061','1289404710','19/09/18','yes','23/09/18','164356');
INSERT INTO Reserves (Room_ID,IRS_Number,Start_Date,Paid,Finish_Date,Hotel_ID)
VALUES ('10062','1246544942','21/09/18','yes','25/09/18','164356');
INSERT INTO Reserves (Room_ID,IRS_Number,Start_Date,Paid,Finish_Date,Hotel_ID)
VALUES ('10063','1159520070','25/09/18','no','29/09/18','164356');
INSERT INTO Reserves (Room_ID,IRS_Number,Start_Date,Paid,Finish_Date,Hotel_ID)
VALUES ('10064','2039391748','26/09/18','no','29/09/18','164356');
INSERT INTO Reserves (Room_ID,IRS_Number,Start_Date,Paid,Finish_Date,Hotel_ID)
VALUES ('10065','2145487797','12/10/18','no','18/10/18','164356');
INSERT INTO Reserves (Room_ID,IRS_Number,Start_Date,Paid,Finish_Date,Hotel_ID)
VALUES ('10066','2144732449','18/10/18','yes','21/10/18','163589');
INSERT INTO Reserves (Room_ID,IRS_Number,Start_Date,Paid,Finish_Date,Hotel_ID)
VALUES ('10067','1655974818','30/10/18','yes','31/10/18','163589');
INSERT INTO Reserves (Room_ID,IRS_Number,Start_Date,Paid,Finish_Date,Hotel_ID)
VALUES ('10068','1101038683','31/10/18','no ','14/11/18','163589');
INSERT INTO Reserves (Room_ID,IRS_Number,Start_Date,Paid,Finish_Date,Hotel_ID)
VALUES ('10069','1401274868','13/11/18','no','19/11/18','163589');
INSERT INTO Reserves (Room_ID,IRS_Number,Start_Date,Paid,Finish_Date,Hotel_ID)
VALUES ('10070','1772592744','14/11/18','yes','19/11/18','163589');
INSERT INTO Reserves (Room_ID,IRS_Number,Start_Date,Paid,Finish_Date,Hotel_ID)
VALUES ('10071','1013631295','21/11/18','yes','25/11/18','163290');
INSERT INTO Reserves (Room_ID,IRS_Number,Start_Date,Paid,Finish_Date,Hotel_ID)
VALUES ('10072','1807779670','23/11/18','yes','28/11/18','163290');
INSERT INTO Reserves (Room_ID,IRS_Number,Start_Date,Paid,Finish_Date,Hotel_ID)
VALUES ('10072','1657373129','28/11/18','yes','29/11/18','163290');
INSERT INTO Reserves (Room_ID,IRS_Number,Start_Date,Paid,Finish_Date,Hotel_ID)
VALUES ('10073','1818525548','14/12/18','yes','18/12/18','163290');
INSERT INTO Reserves (Room_ID,IRS_Number,Start_Date,Paid,Finish_Date,Hotel_ID)
VALUES ('10074','1718941352','18/12/18','yes','23/12/18','163290');
INSERT INTO Reserves (Room_ID,IRS_Number,Start_Date,Paid,Finish_Date,Hotel_ID)
VALUES ('10075','2118029620','31/05/18','no','03/06/18','189067');
INSERT INTO Reserves (Room_ID,IRS_Number,Start_Date,Paid,Finish_Date,Hotel_ID)
VALUES ('10076','1707255553','01/06/18','no','14/06/18','189067');
INSERT INTO Reserves (Room_ID,IRS_Number,Start_Date,Paid,Finish_Date,Hotel_ID)
VALUES ('10077','1605057151','13/06/18','yes','19/06/18','189067');
INSERT INTO Reserves (Room_ID,IRS_Number,Start_Date,Paid,Finish_Date,Hotel_ID)
VALUES ('10078','1847472046','19/06/18','no','21/06/18','189067');
INSERT INTO Reserves (Room_ID,IRS_Number,Start_Date,Paid,Finish_Date,Hotel_ID)
VALUES ('10079','1428671072','21/06/18','yes','29/06/18','189067');
INSERT INTO Reserves (Room_ID,IRS_Number,Start_Date,Paid,Finish_Date,Hotel_ID)
VALUES ('10080','1459849528','22/06/18','no','29/06/18','187635');
INSERT INTO Reserves (Room_ID,IRS_Number,Start_Date,Paid,Finish_Date,Hotel_ID)
VALUES ('10081','1814320444','26/06/18','yes','27/06/18','187635');
INSERT INTO Reserves (Room_ID,IRS_Number,Start_Date,Paid,Finish_Date,Hotel_ID)
VALUES ('10082','1372726643','05/07/18','no','15/07/18','187635');
INSERT INTO Reserves (Room_ID,IRS_Number,Start_Date,Paid,Finish_Date,Hotel_ID)
VALUES ('10083','1192242876','06/07/18','yes','16/07/18','187635');
INSERT INTO Reserves (Room_ID,IRS_Number,Start_Date,Paid,Finish_Date,Hotel_ID)
VALUES ('10084','1122877265','18/07/18','yes','22/07/18','187635');
INSERT INTO Reserves (Room_ID,IRS_Number,Start_Date,Paid,Finish_Date,Hotel_ID)
VALUES ('10085','1152971838','19/07/18','no','26/07/18','185438');
INSERT INTO Reserves (Room_ID,IRS_Number,Start_Date,Paid,Finish_Date,Hotel_ID)
VALUES ('10086','1373416961','23/07/18','yes','28/07/18','185438');
INSERT INTO Reserves (Room_ID,IRS_Number,Start_Date,Paid,Finish_Date,Hotel_ID)
VALUES ('10087','1310868126','30/07/18','no','31/07/18','185438');
INSERT INTO Reserves (Room_ID,IRS_Number,Start_Date,Paid,Finish_Date,Hotel_ID)
VALUES ('10088','1985097509','06/08/18','yes','16/08/18','185438');
INSERT INTO Reserves (Room_ID,IRS_Number,Start_Date,Paid,Finish_Date,Hotel_ID)
VALUES ('10089','1392147589','15/08/18','yes','19/08/18','185438');
INSERT INTO Reserves (Room_ID,IRS_Number,Start_Date,Paid,Finish_Date,Hotel_ID)
VALUES ('10090','1252797418','17/08/18','no','19/08/18','189076');
INSERT INTO Reserves (Room_ID,IRS_Number,Start_Date,Paid,Finish_Date,Hotel_ID)
VALUES ('10091','1491425690','04/09/18','no','24/09/18','189076');
INSERT INTO Reserves (Room_ID,IRS_Number,Start_Date,Paid,Finish_Date,Hotel_ID)
VALUES ('10092','1005983458','20/09/18','no','28/09/18','189076');
INSERT INTO Reserves (Room_ID,IRS_Number,Start_Date,Paid,Finish_Date,Hotel_ID)
VALUES ('10093','1360759659','25/09/18','yes','29/09/18','189076');
INSERT INTO Reserves (Room_ID,IRS_Number,Start_Date,Paid,Finish_Date,Hotel_ID)
VALUES ('10095','1201370884','25/10/18','yes','29/10/18','189076');
INSERT INTO Reserves (Room_ID,IRS_Number,Start_Date,Paid,Finish_Date,Hotel_ID)
VALUES ('10096','1957555580','26/10/18','no ','29/10/18','187634');
INSERT INTO Reserves (Room_ID,IRS_Number,Start_Date,Paid,Finish_Date,Hotel_ID)
VALUES ('10097','1244851622','29/10/18','no','30/10/18','187634');
INSERT INTO Reserves (Room_ID,IRS_Number,Start_Date,Paid,Finish_Date,Hotel_ID)
VALUES ('10098','1406306092','13/11/18','yes','17/11/18','187634');
INSERT INTO Reserves (Room_ID,IRS_Number,Start_Date,Paid,Finish_Date,Hotel_ID)
VALUES ('10099','1791375793','28/11/18','yes','30/11/18','187634');
INSERT INTO Reserves (Room_ID,IRS_Number,Start_Date,Paid,Finish_Date,Hotel_ID)
VALUES ('10100','1849926676','30/11/18','yes','05/12/18','187634');
INSERT INTO Reserves (Room_ID,IRS_Number,Start_Date,Paid,Finish_Date,Hotel_ID)
VALUES ('10101','1129674939','10/05/18','yes','18/05/18','127836');
INSERT INTO Reserves (Room_ID,IRS_Number,Start_Date,Paid,Finish_Date,Hotel_ID)
VALUES ('10102','1342397291','21/05/18','yes','28/05/18','127836');
INSERT INTO Reserves (Room_ID,IRS_Number,Start_Date,Paid,Finish_Date,Hotel_ID)
VALUES ('10103','1872695333','05/06/18','yes','09/06/18','127836');
INSERT INTO Reserves (Room_ID,IRS_Number,Start_Date,Paid,Finish_Date,Hotel_ID)
VALUES ('10104','1764021063','14/06/18','no','18/06/18','127836');
INSERT INTO Reserves (Room_ID,IRS_Number,Start_Date,Paid,Finish_Date,Hotel_ID)
VALUES ('10105','1352919919','21/06/18','no','29/06/18','127836');
INSERT INTO Reserves (Room_ID,IRS_Number,Start_Date,Paid,Finish_Date,Hotel_ID)
VALUES ('10106','1868928788','26/06/18','yes','29/06/18','126739');
INSERT INTO Reserves (Room_ID,IRS_Number,Start_Date,Paid,Finish_Date,Hotel_ID)
VALUES ('10107','1741604366','28/06/18','no','29/06/18','126739');
INSERT INTO Reserves (Room_ID,IRS_Number,Start_Date,Paid,Finish_Date,Hotel_ID)
VALUES ('10108','1692262729','06/07/18','yes','16/07/18','126739');
INSERT INTO Reserves (Room_ID,IRS_Number,Start_Date,Paid,Finish_Date,Hotel_ID)
VALUES ('10109','1899838541','25/07/18','no','29/07/18','126739');
INSERT INTO Reserves (Room_ID,IRS_Number,Start_Date,Paid,Finish_Date,Hotel_ID)
VALUES ('10110','1589452801','08/08/18','yes','18/08/18','126739');
INSERT INTO Reserves (Room_ID,IRS_Number,Start_Date,Paid,Finish_Date,Hotel_ID)
VALUES ('10111','1656142054','15/08/18','no','19/08/18','127093');
INSERT INTO Reserves (Room_ID,IRS_Number,Start_Date,Paid,Finish_Date,Hotel_ID)
VALUES ('10112','1910840933','16/08/18','yes','19/08/18','127093');
INSERT INTO Reserves (Room_ID,IRS_Number,Start_Date,Paid,Finish_Date,Hotel_ID)
VALUES ('10113','1484347803','27/08/18','yes','29/08/18','127093');
INSERT INTO Reserves (Room_ID,IRS_Number,Start_Date,Paid,Finish_Date,Hotel_ID)
VALUES ('10114','1879861769','06/09/18','no','16/09/18','127093');
INSERT INTO Reserves (Room_ID,IRS_Number,Start_Date,Paid,Finish_Date,Hotel_ID)
VALUES ('10115','1596322089','11/09/18','yes','18/09/18','127093');
INSERT INTO Reserves (Room_ID,IRS_Number,Start_Date,Paid,Finish_Date,Hotel_ID)
VALUES ('10116','1318742911','14/09/18','no','19/09/18','127389');
INSERT INTO Reserves (Room_ID,IRS_Number,Start_Date,Paid,Finish_Date,Hotel_ID)
VALUES ('10117','1563026609','16/10/18','yes','19/10/18','127389');
INSERT INTO Reserves (Room_ID,IRS_Number,Start_Date,Paid,Finish_Date,Hotel_ID)
VALUES ('10118','1818826481','26/10/18','yes','29/10/18','127389');
INSERT INTO Reserves (Room_ID,IRS_Number,Start_Date,Paid,Finish_Date,Hotel_ID)
VALUES ('10119','1749673616','02/11/18','no','08/11/18','127389');
INSERT INTO Reserves (Room_ID,IRS_Number,Start_Date,Paid,Finish_Date,Hotel_ID)
VALUES ('10120','1187114725','09/11/18','no','13/11/18','127389');
INSERT INTO Reserves (Room_ID,IRS_Number,Start_Date,Paid,Finish_Date,Hotel_ID)
VALUES ('10121','1620311527','03/12/18','no','13/12/18','123890');
INSERT INTO Reserves (Room_ID,IRS_Number,Start_Date,Paid,Finish_Date,Hotel_ID)
VALUES ('10122','1370850284','07/12/18','yes','17/12/18','123890');
INSERT INTO Reserves (Room_ID,IRS_Number,Start_Date,Paid,Finish_Date,Hotel_ID)
VALUES ('10123','2118087330','20/12/18','yes','30/12/18','123890');
INSERT INTO Reserves (Room_ID,IRS_Number,Start_Date,Paid,Finish_Date,Hotel_ID)
VALUES ('10124','2056330298','21/12/18','no ','26/12/18','123890');
INSERT INTO Reserves (Room_ID,IRS_Number,Start_Date,Paid,Finish_Date,Hotel_ID)
VALUES ('10125','1468110285','28/12/18','no','30/12/18','123890');
USE ehotels;
INSERT INTO Works (IRS_Number,Hotel_ID,Start_Date,Position,Finish_Date)
VALUES ('1324341904','131296','13-12-17','manager','24-05-19');
INSERT INTO Works (IRS_Number,Hotel_ID,Start_Date,Position,Finish_Date)
VALUES ('8906789549','131296','05-05-15','reception','29-08-19');
INSERT INTO Works (IRS_Number,Hotel_ID,Start_Date,Position,Finish_Date)
VALUES ('4324211134','131296','27-05-15','Caretaker','10-12-19');
INSERT INTO Works (IRS_Number,Hotel_ID,Start_Date,Position,Finish_Date)
VALUES ('9056793445','131296','14-08-15','cleaner','02-06-20');
INSERT INTO Works (IRS_Number,Hotel_ID,Start_Date,Position,Finish_Date)
VALUES ('6509405633','131296','11-02-16','cooker','17-07-20');
INSERT INTO Works (IRS_Number,Hotel_ID,Start_Date,Position,Finish_Date)
VALUES ('8954930543','130796','14-03-16','manager','02-09-20');
INSERT INTO Works (IRS_Number,Hotel_ID,Start_Date,Position,Finish_Date)
VALUES ('4593353435','130796','22-04-16','reception','10-09-20');
INSERT INTO Works (IRS_Number,Hotel_ID,Start_Date,Position,Finish_Date)
VALUES ('5353534534','130796','04-05-16','Caretaker','21-09-20');
INSERT INTO Works (IRS_Number,Hotel_ID,Start_Date,Position,Finish_Date)
VALUES ('9345345345','130796','20-05-16','cleaner','18-01-21');
INSERT INTO Works (IRS_Number,Hotel_ID,Start_Date,Position,Finish_Date)
VALUES ('5345353245','130796','03-06-16','cooker','04-02-21');
INSERT INTO Works (IRS_Number,Hotel_ID,Start_Date,Position,Finish_Date)
VALUES ('5634653425','130296','20-06-16','manager','26-04-21');
INSERT INTO Works (IRS_Number,Hotel_ID,Start_Date,Position,Finish_Date)
VALUES ('8543935222','130296','24-06-16','reception','04-05-21');
INSERT INTO Works (IRS_Number,Hotel_ID,Start_Date,Position,Finish_Date)
VALUES ('5345453535','130296','08-09-16','Caretaker','01-06-21');
INSERT INTO Works (IRS_Number,Hotel_ID,Start_Date,Position,Finish_Date)
VALUES ('5345345345','130296','19-09-16','cleaner','19-08-22');
INSERT INTO Works (IRS_Number,Hotel_ID,Start_Date,Position,Finish_Date)
VALUES ('2343241241','130296','18-11-16','cooker','03-10-22');
INSERT INTO Works (IRS_Number,Hotel_ID,Start_Date,Position,Finish_Date)
VALUES ('5543534532','130896','26-01-17','manager','02-12-22');
INSERT INTO Works (IRS_Number,Hotel_ID,Start_Date,Position,Finish_Date)
VALUES ('4532424432','130896','22-02-17','reception','07-07-23');
INSERT INTO Works (IRS_Number,Hotel_ID,Start_Date,Position,Finish_Date)
VALUES ('4234241454','130896','06-03-17','Caretaker','04-08-23');
INSERT INTO Works (IRS_Number,Hotel_ID,Start_Date,Position,Finish_Date)
VALUES ('8967492394','130896','31-03-17','cleaner','11-09-23');
INSERT INTO Works (IRS_Number,Hotel_ID,Start_Date,Position,Finish_Date)
VALUES ('9019341343','130896','05-04-17','cooker','29-09-23');
INSERT INTO Works (IRS_Number,Hotel_ID,Start_Date,Position,Finish_Date)
VALUES ('5245035412','130455','01-06-17','manager','22-12-23');
INSERT INTO Works (IRS_Number,Hotel_ID,Start_Date,Position,Finish_Date)
VALUES ('1459105403','130455','13-06-17','reception','12-06-24');
INSERT INTO Works (IRS_Number,Hotel_ID,Start_Date,Position,Finish_Date)
VALUES ('4305438932','130455','25-09-17','Caretaker','27-06-24');
INSERT INTO Works (IRS_Number,Hotel_ID,Start_Date,Position,Finish_Date)
VALUES ('4043592541','130455','24-10-17','cleaner','29-08-24');
INSERT INTO Works (IRS_Number,Hotel_ID,Start_Date,Position,Finish_Date)
VALUES ('7803245914','130455','03-11-17','cooker','13-09-24');
INSERT INTO Works (IRS_Number,Hotel_ID,Start_Date,Position,Finish_Date)
VALUES ('9094527845','170796','08-12-17','manager','02-09-19');
INSERT INTO Works (IRS_Number,Hotel_ID,Start_Date,Position,Finish_Date)
VALUES ('8034572534','170796','15-06-15','reception','06-01-20');
INSERT INTO Works (IRS_Number,Hotel_ID,Start_Date,Position,Finish_Date)
VALUES ('2012441134','170796','17-06-15','Caretaker','25-03-20');
INSERT INTO Works (IRS_Number,Hotel_ID,Start_Date,Position,Finish_Date)
VALUES ('5435345094','170796','14-07-15','cleaner','27-04-20');
INSERT INTO Works (IRS_Number,Hotel_ID,Start_Date,Position,Finish_Date)
VALUES ('5680923412','170796','20-08-15','cooker','14-01-21');
INSERT INTO Works (IRS_Number,Hotel_ID,Start_Date,Position,Finish_Date)
VALUES ('1110043344','170989','02-09-15','manager','07-04-21');
INSERT INTO Works (IRS_Number,Hotel_ID,Start_Date,Position,Finish_Date)
VALUES ('2200043224','170989','09-09-15','reception','10-01-22');
INSERT INTO Works (IRS_Number,Hotel_ID,Start_Date,Position,Finish_Date)
VALUES ('5423500000','170989','30-09-15','Caretaker','24-01-22');
INSERT INTO Works (IRS_Number,Hotel_ID,Start_Date,Position,Finish_Date)
VALUES ('6900000013','170989','19-10-15','cleaner','16-05-22');
INSERT INTO Works (IRS_Number,Hotel_ID,Start_Date,Position,Finish_Date)
VALUES ('6570000031','170989','20-11-15','cooker','17-06-22');
INSERT INTO Works (IRS_Number,Hotel_ID,Start_Date,Position,Finish_Date)
VALUES ('3424210011','175467','25-12-15','manager','29-08-22');
INSERT INTO Works (IRS_Number,Hotel_ID,Start_Date,Position,Finish_Date)
VALUES ('4532412001','175467','04-01-16','reception','19-09-22');
INSERT INTO Works (IRS_Number,Hotel_ID,Start_Date,Position,Finish_Date)
VALUES ('5434520001','175467','25-01-16','Caretaker','04-10-22');
INSERT INTO Works (IRS_Number,Hotel_ID,Start_Date,Position,Finish_Date)
VALUES ('5432543001','175467','08-02-16','cleaner','22-02-23');
INSERT INTO Works (IRS_Number,Hotel_ID,Start_Date,Position,Finish_Date)
VALUES ('5234145199','175467','16-02-16','cooker','23-03-23');
INSERT INTO Works (IRS_Number,Hotel_ID,Start_Date,Position,Finish_Date)
VALUES ('4546778099','175463','08-06-16','manager','22-05-23');
INSERT INTO Works (IRS_Number,Hotel_ID,Start_Date,Position,Finish_Date)
VALUES ('3340094311','175463','13-07-16','reception','25-05-23');
INSERT INTO Works (IRS_Number,Hotel_ID,Start_Date,Position,Finish_Date)
VALUES ('4324510001','175463','02-08-16','Caretaker','13-06-23');
INSERT INTO Works (IRS_Number,Hotel_ID,Start_Date,Position,Finish_Date)
VALUES ('5452089054','175463','30-12-16','cleaner','06-07-23');
INSERT INTO Works (IRS_Number,Hotel_ID,Start_Date,Position,Finish_Date)
VALUES ('5430004524','175463','06-01-17','cooker','07-07-23');
INSERT INTO Works (IRS_Number,Hotel_ID,Start_Date,Position,Finish_Date)
VALUES ('5445990090','174890','13-03-17','manager','23-10-23');
INSERT INTO Works (IRS_Number,Hotel_ID,Start_Date,Position,Finish_Date)
VALUES ('5400099090','174890','25-07-17','reception','15-03-24');
INSERT INTO Works (IRS_Number,Hotel_ID,Start_Date,Position,Finish_Date)
VALUES ('5788934591','174890','24-08-17','Caretaker','03-04-24');
INSERT INTO Works (IRS_Number,Hotel_ID,Start_Date,Position,Finish_Date)
VALUES ('5499009541','174890','04-09-17','cleaner','02-07-24');
INSERT INTO Works (IRS_Number,Hotel_ID,Start_Date,Position,Finish_Date)
VALUES ('5490089094','174890','28-09-17','cooker','11-07-24');
INSERT INTO Works (IRS_Number,Hotel_ID,Start_Date,Position,Finish_Date)
VALUES ('5482924022','168867','27-10-17','manager','17-09-19');
INSERT INTO Works (IRS_Number,Hotel_ID,Start_Date,Position,Finish_Date)
VALUES ('5490924302','168867','07-05-15','reception','30-09-19');
INSERT INTO Works (IRS_Number,Hotel_ID,Start_Date,Position,Finish_Date)
VALUES ('8909894312','168867','16-10-15','Caretaker','16-01-20');
INSERT INTO Works (IRS_Number,Hotel_ID,Start_Date,Position,Finish_Date)
VALUES ('9076520422','168867','22-10-15','cleaner','25-05-20');
INSERT INTO Works (IRS_Number,Hotel_ID,Start_Date,Position,Finish_Date)
VALUES ('8459202122','168867','29-10-15','cooker','27-05-20');
INSERT INTO Works (IRS_Number,Hotel_ID,Start_Date,Position,Finish_Date)
VALUES ('2034589230','167834','19-11-15','manager','16-07-20');
INSERT INTO Works (IRS_Number,Hotel_ID,Start_Date,Position,Finish_Date)
VALUES ('5439345232','167834','11-12-15','reception','23-02-21');
INSERT INTO Works (IRS_Number,Hotel_ID,Start_Date,Position,Finish_Date)
VALUES ('4532453215','167834','18-12-15','Caretaker','07-01-22');
INSERT INTO Works (IRS_Number,Hotel_ID,Start_Date,Position,Finish_Date)
VALUES ('4903451212','167834','29-12-15','cleaner','30-05-22');
INSERT INTO Works (IRS_Number,Hotel_ID,Start_Date,Position,Finish_Date)
VALUES ('5321200945','167834','04-02-16','cooker','22-06-22');
INSERT INTO Works (IRS_Number,Hotel_ID,Start_Date,Position,Finish_Date)
VALUES ('5678901411','164356','13-04-16','manager','28-09-22');
INSERT INTO Works (IRS_Number,Hotel_ID,Start_Date,Position,Finish_Date)
VALUES ('5439253458','164356','12-05-16','reception','07-11-22');
INSERT INTO Works (IRS_Number,Hotel_ID,Start_Date,Position,Finish_Date)
VALUES ('5347814902','164356','10-06-16','Caretaker','21-12-22');
INSERT INTO Works (IRS_Number,Hotel_ID,Start_Date,Position,Finish_Date)
VALUES ('5423740744','164356','17-08-16','cleaner','21-02-23');
INSERT INTO Works (IRS_Number,Hotel_ID,Start_Date,Position,Finish_Date)
VALUES ('7830221134','164356','28-09-16','cooker','13-06-23');
INSERT INTO Works (IRS_Number,Hotel_ID,Start_Date,Position,Finish_Date)
VALUES ('5435997133','163589','17-10-16','manager','18-08-23');
INSERT INTO Works (IRS_Number,Hotel_ID,Start_Date,Position,Finish_Date)
VALUES ('5421809453','163589','01-11-16','reception','21-09-23');
INSERT INTO Works (IRS_Number,Hotel_ID,Start_Date,Position,Finish_Date)
VALUES ('7658099111','163589','02-11-16','Caretaker','24-11-23');
INSERT INTO Works (IRS_Number,Hotel_ID,Start_Date,Position,Finish_Date)
VALUES ('5637920132','163589','14-11-16','cleaner','06-12-23');
INSERT INTO Works (IRS_Number,Hotel_ID,Start_Date,Position,Finish_Date)
VALUES ('5437390132','163589','13-02-17','cooker','25-12-23');
INSERT INTO Works (IRS_Number,Hotel_ID,Start_Date,Position,Finish_Date)
VALUES ('4816461285','163290','16-03-17','manager','21-02-24');
INSERT INTO Works (IRS_Number,Hotel_ID,Start_Date,Position,Finish_Date)
VALUES ('1232901234','163290','23-03-17','reception','04-10-24');
INSERT INTO Works (IRS_Number,Hotel_ID,Start_Date,Position,Finish_Date)
VALUES ('8349100334','163290','27-03-17','Caretaker','28-10-24');
INSERT INTO Works (IRS_Number,Hotel_ID,Start_Date,Position,Finish_Date)
VALUES ('4385934251','163290','20-06-17','cleaner','05-11-24');
INSERT INTO Works (IRS_Number,Hotel_ID,Start_Date,Position,Finish_Date)
VALUES ('1144553622','163290','03-11-17','cooker','06-12-24');
INSERT INTO Works (IRS_Number,Hotel_ID,Start_Date,Position,Finish_Date)
VALUES ('8899843022','189067','25-12-17','manager','12-06-19');
INSERT INTO Works (IRS_Number,Hotel_ID,Start_Date,Position,Finish_Date)
VALUES ('2222689934','189067','18-05-15','reception','11-09-19');
INSERT INTO Works (IRS_Number,Hotel_ID,Start_Date,Position,Finish_Date)
VALUES ('4327438221','189067','25-05-15','Caretaker','12-10-20');
INSERT INTO Works (IRS_Number,Hotel_ID,Start_Date,Position,Finish_Date)
VALUES ('4525334513','189067','17-06-15','cleaner','18-11-20');
INSERT INTO Works (IRS_Number,Hotel_ID,Start_Date,Position,Finish_Date)
VALUES ('4234234124','189067','29-06-15','cooker','10-05-21');
INSERT INTO Works (IRS_Number,Hotel_ID,Start_Date,Position,Finish_Date)
VALUES ('4521342143','187635','03-09-15','manager','22-06-21');
INSERT INTO Works (IRS_Number,Hotel_ID,Start_Date,Position,Finish_Date)
VALUES ('3421149113','187635','17-09-15','reception','03-09-21');
INSERT INTO Works (IRS_Number,Hotel_ID,Start_Date,Position,Finish_Date)
VALUES ('4124890011','187635','28-09-15','Caretaker','08-09-21');
INSERT INTO Works (IRS_Number,Hotel_ID,Start_Date,Position,Finish_Date)
VALUES ('4332000211','187635','26-10-15','cleaner','23-09-21');
INSERT INTO Works (IRS_Number,Hotel_ID,Start_Date,Position,Finish_Date)
VALUES ('3478890012','187635','28-01-16','cooker','29-10-21');
INSERT INTO Works (IRS_Number,Hotel_ID,Start_Date,Position,Finish_Date)
VALUES ('7899000032','185438','23-05-16','manager','15-12-21');
INSERT INTO Works (IRS_Number,Hotel_ID,Start_Date,Position,Finish_Date)
VALUES ('4909002111','185438','24-05-16','reception','07-01-22');
INSERT INTO Works (IRS_Number,Hotel_ID,Start_Date,Position,Finish_Date)
VALUES ('4300001134','185438','15-06-16','Caretaker','13-01-22');
INSERT INTO Works (IRS_Number,Hotel_ID,Start_Date,Position,Finish_Date)
VALUES ('5477900011','185438','20-06-16','cleaner','26-01-22');
INSERT INTO Works (IRS_Number,Hotel_ID,Start_Date,Position,Finish_Date)
VALUES ('3422341113','185438','28-06-16','cooker','16-03-22');
INSERT INTO Works (IRS_Number,Hotel_ID,Start_Date,Position,Finish_Date)
VALUES ('4322221478','189076','08-08-16','manager','10-08-22');
INSERT INTO Works (IRS_Number,Hotel_ID,Start_Date,Position,Finish_Date)
VALUES ('4324211001','189076','05-09-16','reception','27-09-22');
INSERT INTO Works (IRS_Number,Hotel_ID,Start_Date,Position,Finish_Date)
VALUES ('3131300011','189076','16-09-16','Caretaker','10-01-23');
INSERT INTO Works (IRS_Number,Hotel_ID,Start_Date,Position,Finish_Date)
VALUES ('4322443111','189076','14-12-16','cleaner','19-01-23');
INSERT INTO Works (IRS_Number,Hotel_ID,Start_Date,Position,Finish_Date)
VALUES ('8890045311','189076','30-12-16','cooker','20-06-23');
INSERT INTO Works (IRS_Number,Hotel_ID,Start_Date,Position,Finish_Date)
VALUES ('5747882934','187635','06-02-17','manager','03-10-23');
INSERT INTO Works (IRS_Number,Hotel_ID,Start_Date,Position,Finish_Date)
VALUES ('4329010134','187635','08-03-17','reception','23-10-23');
INSERT INTO Works (IRS_Number,Hotel_ID,Start_Date,Position,Finish_Date)
VALUES ('4313400013','187635','04-05-17','Caretaker','20-03-24');
INSERT INTO Works (IRS_Number,Hotel_ID,Start_Date,Position,Finish_Date)
VALUES ('4538890134','187635','08-05-17','cleaner','29-03-24');
INSERT INTO Works (IRS_Number,Hotel_ID,Start_Date,Position,Finish_Date)
VALUES ('4329991343','187635','23-05-17','cooker','21-08-24');
INSERT INTO Works (IRS_Number,Hotel_ID,Start_Date,Position,Finish_Date)
VALUES ('1876733266','127836','22-05-15','manager','23-07-19');
INSERT INTO Works (IRS_Number,Hotel_ID,Start_Date,Position,Finish_Date)
VALUES ('5843882414','127836','09-06-15','reception','26-08-19');
INSERT INTO Works (IRS_Number,Hotel_ID,Start_Date,Position,Finish_Date)
VALUES ('2007365636','127836','08-07-15','Caretaker','29-11-19');
INSERT INTO Works (IRS_Number,Hotel_ID,Start_Date,Position,Finish_Date)
VALUES ('4975313885','127836','06-08-15','cleaner','19-12-19');
INSERT INTO Works (IRS_Number,Hotel_ID,Start_Date,Position,Finish_Date)
VALUES ('2239031242','127836','19-08-15','cooker','13-01-20');
INSERT INTO Works (IRS_Number,Hotel_ID,Start_Date,Position,Finish_Date)
VALUES ('4872617592','126739','11-09-15','manager','10-03-20');
INSERT INTO Works (IRS_Number,Hotel_ID,Start_Date,Position,Finish_Date)
VALUES ('4406883948','126739','14-09-15','reception','08-04-20');
INSERT INTO Works (IRS_Number,Hotel_ID,Start_Date,Position,Finish_Date)
VALUES ('8891623374','126739','17-12-15','Caretaker','03-12-20');
INSERT INTO Works (IRS_Number,Hotel_ID,Start_Date,Position,Finish_Date)
VALUES ('4050430873','126739','11-01-16','cleaner','04-03-21');
INSERT INTO Works (IRS_Number,Hotel_ID,Start_Date,Position,Finish_Date)
VALUES ('7101488746','126739','21-01-16','cooker','11-06-21');
INSERT INTO Works (IRS_Number,Hotel_ID,Start_Date,Position,Finish_Date)
VALUES ('1256186394','127093','12-04-16','manager','06-09-21');
INSERT INTO Works (IRS_Number,Hotel_ID,Start_Date,Position,Finish_Date)
VALUES ('7694727702','127093','27-04-16','reception','11-05-22');
INSERT INTO Works (IRS_Number,Hotel_ID,Start_Date,Position,Finish_Date)
VALUES ('4954905679','127093','16-05-16','Caretaker','24-06-22');
INSERT INTO Works (IRS_Number,Hotel_ID,Start_Date,Position,Finish_Date)
VALUES ('2187214103','127093','03-08-16','cleaner','12-04-23');
INSERT INTO Works (IRS_Number,Hotel_ID,Start_Date,Position,Finish_Date)
VALUES ('9027342157','127093','29-08-16','cooker','08-05-23');
INSERT INTO Works (IRS_Number,Hotel_ID,Start_Date,Position,Finish_Date)
VALUES ('3843061490','127389','05-12-16','manager','17-07-23');
INSERT INTO Works (IRS_Number,Hotel_ID,Start_Date,Position,Finish_Date)
VALUES ('1144630805','127389','07-12-16','reception','03-08-23');
INSERT INTO Works (IRS_Number,Hotel_ID,Start_Date,Position,Finish_Date)
VALUES ('6375903500','127389','23-12-16','Caretaker','04-09-23');
INSERT INTO Works (IRS_Number,Hotel_ID,Start_Date,Position,Finish_Date)
VALUES ('5139009028','127389','19-01-17','cleaner','05-01-24');
INSERT INTO Works (IRS_Number,Hotel_ID,Start_Date,Position,Finish_Date)
VALUES ('5542681399','127389','20-01-17','cooker','30-01-24');
INSERT INTO Works (IRS_Number,Hotel_ID,Start_Date,Position,Finish_Date)
VALUES ('9106662131','123890','26-01-17','manager','04-09-24');
INSERT INTO Works (IRS_Number,Hotel_ID,Start_Date,Position,Finish_Date)
VALUES ('7418959699','123890','03-03-17','reception','10-09-24');
INSERT INTO Works (IRS_Number,Hotel_ID,Start_Date,Position,Finish_Date)
VALUES ('783261758','123890','21-03-17','Caretaker','15-10-24');
INSERT INTO Works (IRS_Number,Hotel_ID,Start_Date,Position,Finish_Date)
VALUES ('1514993639','123890','05-04-17','cleaner','29-10-24');
INSERT INTO Works (IRS_Number,Hotel_ID,Start_Date,Position,Finish_Date)
VALUES ('9882572819','123890','03-10-17','cooker','25-12-24');
USE ehotels;
INSERT INTO Logins (IRS_Number,User_Name,Password)
VALUES ('1324341904','Indigoliath','1070');
INSERT INTO Logins (IRS_Number,User_Name,Password)
VALUES ('8906789549','Pandata','9520');
INSERT INTO Logins (IRS_Number,User_Name,Password)
VALUES ('4324211134','Amigod','9793');
INSERT INTO Logins (IRS_Number,User_Name,Password)
VALUES ('9056793445','Wombattalion','9222');
INSERT INTO Logins (IRS_Number,User_Name,Password)
VALUES ('6509405633','ElegantTomato','3575');
INSERT INTO Logins (IRS_Number,User_Name,Password)
VALUES ('8954930543','EmbarrasedWolf','5244');
INSERT INTO Logins (IRS_Number,User_Name,Password)
VALUES ('4593353435','YellowWarhawk','4936');
INSERT INTO Logins (IRS_Number,User_Name,Password)
VALUES ('5353534534','SeaSeaLion','1304');
INSERT INTO Logins (IRS_Number,User_Name,Password)
VALUES ('9345345345','CheeryDuck','2286');
INSERT INTO Logins (IRS_Number,User_Name,Password)
VALUES ('5345353245','VirtualChicken ','3676');
INSERT INTO Logins (IRS_Number,User_Name,Password)
VALUES ('5634653425','Ghostrich','7669');
INSERT INTO Logins (IRS_Number,User_Name,Password)
VALUES ('8543935222','Gangstereo','7271');
INSERT INTO Logins (IRS_Number,User_Name,Password)
VALUES ('5345453535','Cocowgirl','6107');
INSERT INTO Logins (IRS_Number,User_Name,Password)
VALUES ('5345345345','Bamboozle','2804');
INSERT INTO Logins (IRS_Number,User_Name,Password)
VALUES ('2343241241','SisterWombat','5705');
INSERT INTO Logins (IRS_Number,User_Name,Password)
VALUES ('5543534532','FakeChief','5584');
INSERT INTO Logins (IRS_Number,User_Name,Password)
VALUES ('4532424432','HeartPeanut','2096');
INSERT INTO Logins (IRS_Number,User_Name,Password)
VALUES ('4234241454','SourSmile','7114');
INSERT INTO Logins (IRS_Number,User_Name,Password)
VALUES ('8967492394','AttractiveFairy','6751');
INSERT INTO Logins (IRS_Number,User_Name,Password)
VALUES ('9019341343','GrandPhoenix ','8341');
INSERT INTO Logins (IRS_Number,User_Name,Password)
VALUES ('5245035412','Kangaroodle','5796');
INSERT INTO Logins (IRS_Number,User_Name,Password)
VALUES ('1459105403','Sardiner','4485');
INSERT INTO Logins (IRS_Number,User_Name,Password)
VALUES ('4305438932','Pignorant','7137');
INSERT INTO Logins (IRS_Number,User_Name,Password)
VALUES ('4043592541','Oystrich','1373');
INSERT INTO Logins (IRS_Number,User_Name,Password)
VALUES ('7803245914','AfternoonChimpanzee','1477');
INSERT INTO Logins (IRS_Number,User_Name,Password)
VALUES ('9094527845','HungryColonel','5527');
INSERT INTO Logins (IRS_Number,User_Name,Password)
VALUES ('8034572534','ElegantAssassin','3827');
INSERT INTO Logins (IRS_Number,User_Name,Password)
VALUES ('2012441134','HollowOcelot','8731');
INSERT INTO Logins (IRS_Number,User_Name,Password)
VALUES ('5435345094','RareEel','1712');
INSERT INTO Logins (IRS_Number,User_Name,Password)
VALUES ('5680923412','BubblyTurkey ','8489');
INSERT INTO Logins (IRS_Number,User_Name,Password)
VALUES ('1110043344','Sniperv','2570');
INSERT INTO Logins (IRS_Number,User_Name,Password)
VALUES ('2200043224','Armydillo','8278');
INSERT INTO Logins (IRS_Number,User_Name,Password)
VALUES ('5423500000','Scampirate','3195');
INSERT INTO Logins (IRS_Number,User_Name,Password)
VALUES ('6900000013','Dismaiden','2607');
INSERT INTO Logins (IRS_Number,User_Name,Password)
VALUES ('6570000031','BubbleTitan','1571');
INSERT INTO Logins (IRS_Number,User_Name,Password)
VALUES ('3424210011','CarefulEel','2189');
INSERT INTO Logins (IRS_Number,User_Name,Password)
VALUES ('4532412001','FieryNymph','2020');
INSERT INTO Logins (IRS_Number,User_Name,Password)
VALUES ('5434520001','BlushingT-Rex','3629');
INSERT INTO Logins (IRS_Number,User_Name,Password)
VALUES ('5432543001','FabulousPorpoise','3768');
INSERT INTO Logins (IRS_Number,User_Name,Password)
VALUES ('5234145199','SilkFiend ','8650');
INSERT INTO Logins (IRS_Number,User_Name,Password)
VALUES ('4546778099','Pelgrimp','7713');
INSERT INTO Logins (IRS_Number,User_Name,Password)
VALUES ('3340094311','Gorillax','4590');
INSERT INTO Logins (IRS_Number,User_Name,Password)
VALUES ('4324510001','Knightmare','3830');
INSERT INTO Logins (IRS_Number,User_Name,Password)
VALUES ('5452089054','Lamaster','9841');
INSERT INTO Logins (IRS_Number,User_Name,Password)
VALUES ('5430004524','BrownBison','7258');
INSERT INTO Logins (IRS_Number,User_Name,Password)
VALUES ('5445990090','PositiveSpike','6951');
INSERT INTO Logins (IRS_Number,User_Name,Password)
VALUES ('5400099090','ThunderCaribou','1624');
INSERT INTO Logins (IRS_Number,User_Name,Password)
VALUES ('5788934591','PrettyProwler','6513');
INSERT INTO Logins (IRS_Number,User_Name,Password)
VALUES ('5499009541','QuirkyGnoll','2289');
INSERT INTO Logins (IRS_Number,User_Name,Password)
VALUES ('5490089094','LandMage ','9833');
INSERT INTO Logins (IRS_Number,User_Name,Password)
VALUES ('5482924022','Nitrogue','3249');
INSERT INTO Logins (IRS_Number,User_Name,Password)
VALUES ('5490924302','Cougarfield','6963');
INSERT INTO Logins (IRS_Number,User_Name,Password)
VALUES ('8909894312','Pignorante','5219');
INSERT INTO Logins (IRS_Number,User_Name,Password)
VALUES ('9076520422','Phantomboy','1801');
INSERT INTO Logins (IRS_Number,User_Name,Password)
VALUES ('8459202122','BrokenPotato','6907');
INSERT INTO Logins (IRS_Number,User_Name,Password)
VALUES ('2034589230','ForestPixie','1082');
INSERT INTO Logins (IRS_Number,User_Name,Password)
VALUES ('5439345232','ControlMuppet','3650');
INSERT INTO Logins (IRS_Number,User_Name,Password)
VALUES ('4532453215','MarshPixie','4370');
INSERT INTO Logins (IRS_Number,User_Name,Password)
VALUES ('4903451212','PlasticWalrus','4191');
INSERT INTO Logins (IRS_Number,User_Name,Password)
VALUES ('5321200945','SleepMutant ','8475');
INSERT INTO Logins (IRS_Number,User_Name,Password)
VALUES ('5678901411','Glasshopper','2772');
INSERT INTO Logins (IRS_Number,User_Name,Password)
VALUES ('5439253458','Indigoliathe','9856');
INSERT INTO Logins (IRS_Number,User_Name,Password)
VALUES ('5347814902','Aromaster','8129');
INSERT INTO Logins (IRS_Number,User_Name,Password)
VALUES ('5423740744','Wombait','8267');
INSERT INTO Logins (IRS_Number,User_Name,Password)
VALUES ('7830221134','BonySlingshot','3031');
INSERT INTO Logins (IRS_Number,User_Name,Password)
VALUES ('5435997133','PaperThunder','4227');
INSERT INTO Logins (IRS_Number,User_Name,Password)
VALUES ('5421809453','ForsakenThief','8163');
INSERT INTO Logins (IRS_Number,User_Name,Password)
VALUES ('7658099111','SeaCow','7610');
INSERT INTO Logins (IRS_Number,User_Name,Password)
VALUES ('5637920132','VioletBlossom','6231');
INSERT INTO Logins (IRS_Number,User_Name,Password)
VALUES ('5437390132','AcrobaticTwinkle ','5083');
INSERT INTO Logins (IRS_Number,User_Name,Password)
VALUES ('4816461285','Otterminate','8353');
INSERT INTO Logins (IRS_Number,User_Name,Password)
VALUES ('1232901234','Essaint','9355');
INSERT INTO Logins (IRS_Number,User_Name,Password)
VALUES ('8349100334','Omenforcer','6355');
INSERT INTO Logins (IRS_Number,User_Name,Password)
VALUES ('4385934251','Falconjure','6279');
INSERT INTO Logins (IRS_Number,User_Name,Password)
VALUES ('1144553622','JumboPirate','1993');
INSERT INTO Logins (IRS_Number,User_Name,Password)
VALUES ('8899843022','GreatQueen','8152');
INSERT INTO Logins (IRS_Number,User_Name,Password)
VALUES ('2222689934','SleepyGiant','4070');
INSERT INTO Logins (IRS_Number,User_Name,Password)
VALUES ('4327438221','GrimTwinkles','2000');
INSERT INTO Logins (IRS_Number,User_Name,Password)
VALUES ('4525334513','CountryOracle','3674');
INSERT INTO Logins (IRS_Number,User_Name,Password)
VALUES ('4234234124','GummyPapaya ','8893');
INSERT INTO Logins (IRS_Number,User_Name,Password)
VALUES ('4521342143','OysterSauce','6681');
INSERT INTO Logins (IRS_Number,User_Name,Password)
VALUES ('3421149113','Turbanshee','1616');
INSERT INTO Logins (IRS_Number,User_Name,Password)
VALUES ('4124890011','Shadept','8694');
INSERT INTO Logins (IRS_Number,User_Name,Password)
VALUES ('4332000211','Flamingoat','8512');
INSERT INTO Logins (IRS_Number,User_Name,Password)
VALUES ('3478890012','CuteBlueberry','6571');
INSERT INTO Logins (IRS_Number,User_Name,Password)
VALUES ('7899000032','IdioticCow','8705');
INSERT INTO Logins (IRS_Number,User_Name,Password)
VALUES ('4909002111','CheerfulWombat','8808');
INSERT INTO Logins (IRS_Number,User_Name,Password)
VALUES ('4300001134','ChangeHerring','5910');
INSERT INTO Logins (IRS_Number,User_Name,Password)
VALUES ('5477900011','CheatPiglet','3683');
INSERT INTO Logins (IRS_Number,User_Name,Password)
VALUES ('3422341113','DanceTumbler ','3117');
INSERT INTO Logins (IRS_Number,User_Name,Password)
VALUES ('4322221478','Poltergeisha','7362');
INSERT INTO Logins (IRS_Number,User_Name,Password)
VALUES ('4324211001','Lemurmur','1620');
INSERT INTO Logins (IRS_Number,User_Name,Password)
VALUES ('3131300011','Scampirat','6314');
INSERT INTO Logins (IRS_Number,User_Name,Password)
VALUES ('4322443111','Potatoad','2185');
INSERT INTO Logins (IRS_Number,User_Name,Password)
VALUES ('8890045311','AwesomeDonkey','6291');
INSERT INTO Logins (IRS_Number,User_Name,Password)
VALUES ('5747882934','TerrificGoblin','6279');
INSERT INTO Logins (IRS_Number,User_Name,Password)
VALUES ('4329010134','EcstaticVoid','9793');
INSERT INTO Logins (IRS_Number,User_Name,Password)
VALUES ('4313400013','GlassLemon','7165');
INSERT INTO Logins (IRS_Number,User_Name,Password)
VALUES ('4538890134','FilthyBronco','2661');
INSERT INTO Logins (IRS_Number,User_Name,Password)
VALUES ('4329991343','LostChimera ','4229');
INSERT INTO Logins (IRS_Number,User_Name,Password)
VALUES ('1876733266','Bansheep','5253');
INSERT INTO Logins (IRS_Number,User_Name,Password)
VALUES ('5843882414','Bombeast','2094');
INSERT INTO Logins (IRS_Number,User_Name,Password)
VALUES ('2007365636','Peafowlet','4272');
INSERT INTO Logins (IRS_Number,User_Name,Password)
VALUES ('4975313885','Froghurt','2774');
INSERT INTO Logins (IRS_Number,User_Name,Password)
VALUES ('2239031242','HelpfulRevenant','9125');
INSERT INTO Logins (IRS_Number,User_Name,Password)
VALUES ('4872617592','LunchGoblin','3436');
INSERT INTO Logins (IRS_Number,User_Name,Password)
VALUES ('4406883948','AttractivePeanut','6898');
INSERT INTO Logins (IRS_Number,User_Name,Password)
VALUES ('8891623374','DancingApe','1888');
INSERT INTO Logins (IRS_Number,User_Name,Password)
VALUES ('4050430873','DaughterSnake','8789');
INSERT INTO Logins (IRS_Number,User_Name,Password)
VALUES ('7101488746','NuttyGoldfish ','7554');
INSERT INTO Logins (IRS_Number,User_Name,Password)
VALUES ('1256186394','Patriode','9285');
INSERT INTO Logins (IRS_Number,User_Name,Password)
VALUES ('7694727702','Binghost','2068');
INSERT INTO Logins (IRS_Number,User_Name,Password)
VALUES ('4954905679','Ponylon','6633');
INSERT INTO Logins (IRS_Number,User_Name,Password)
VALUES ('2187214103','Sharctic','6695');
INSERT INTO Logins (IRS_Number,User_Name,Password)
VALUES ('9027342157','CrazyWombat','6995');
INSERT INTO Logins (IRS_Number,User_Name,Password)
VALUES ('3843061490','LonelyCoconut','7907');
INSERT INTO Logins (IRS_Number,User_Name,Password)
VALUES ('1144630805','ArtisticManatee','5145');
INSERT INTO Logins (IRS_Number,User_Name,Password)
VALUES ('6375903500','DigitalLamb','5229');
INSERT INTO Logins (IRS_Number,User_Name,Password)
VALUES ('5139009028','ChargeDevil','4752');
INSERT INTO Logins (IRS_Number,User_Name,Password)
VALUES ('5542681399','VenomPapaya ','1784');
INSERT INTO Logins (IRS_Number,User_Name,Password)
VALUES ('9106662131','Coalossus','3880');
INSERT INTO Logins (IRS_Number,User_Name,Password)
VALUES ('7418959699','Pyrobot','8689');
INSERT INTO Logins (IRS_Number,User_Name,Password)
VALUES ('783261758','Candroid','7376');
INSERT INTO Logins (IRS_Number,User_Name,Password)
VALUES ('1514993639','Gopherrel','6346');
INSERT INTO Logins (IRS_Number,User_Name,Password)
VALUES ('9882572819','BabyBullfrog ','1029');
