IRS_Number,User_Name,Password
1324341904,Indigoliath,1070
8906789549,Pandata,9520
4324211134,Amigod,9793
9056793445,Wombattalion,9222
6509405633,ElegantTomato,3575
8954930543,EmbarrasedWolf,5244
4593353435,YellowWarhawk,4936
5353534534,SeaSeaLion,1304
9345345345,CheeryDuck,2286
5345353245,VirtualChicken ,3676
5634653425,Ghostrich,7669
8543935222,Gangstereo,7271
5345453535,Cocowgirl,6107
5345345345,Bamboozle,2804
2343241241,SisterWombat,5705
5543534532,FakeChief,5584
4532424432,HeartPeanut,2096
4234241454,SourSmile,7114
8967492394,AttractiveFairy,6751
9019341343,GrandPhoenix ,8341
5245035412,Kangaroodle,5796
1459105403,Sardiner,4485
4305438932,Pignorant,7137
4043592541,Oystrich,1373
7803245914,AfternoonChimpanzee,1477
9094527845,HungryColonel,5527
8034572534,ElegantAssassin,3827
2012441134,HollowOcelot,8731
5435345094,RareEel,1712
5680923412,BubblyTurkey ,8489
1110043344,Sniperv,2570
2200043224,Armydillo,8278
5423500000,Scampirate,3195
6900000013,Dismaiden,2607
6570000031,BubbleTitan,1571
3424210011,CarefulEel,2189
4532412001,FieryNymph,2020
5434520001,BlushingT-Rex,3629
5432543001,FabulousPorpoise,3768
5234145199,SilkFiend ,8650
4546778099,Pelgrimp,7713
3340094311,Gorillax,4590
4324510001,Knightmare,3830
5452089054,Lamaster,9841
5430004524,BrownBison,7258
5445990090,PositiveSpike,6951
5400099090,ThunderCaribou,1624
5788934591,PrettyProwler,6513
5499009541,QuirkyGnoll,2289
5490089094,LandMage ,9833
5482924022,Nitrogue,3249
5490924302,Cougarfield,6963
8909894312,Pignorante,5219
9076520422,Phantomboy,1801
8459202122,BrokenPotato,6907
2034589230,ForestPixie,1082
5439345232,ControlMuppet,3650
4532453215,MarshPixie,4370
4903451212,PlasticWalrus,4191
5321200945,SleepMutant ,8475
5678901411,Glasshopper,2772
5439253458,Indigoliathe,9856
5347814902,Aromaster,8129
5423740744,Wombait,8267
7830221134,BonySlingshot,3031
5435997133,PaperThunder,4227
5421809453,ForsakenThief,8163
7658099111,SeaCow,7610
5637920132,VioletBlossom,6231
5437390132,AcrobaticTwinkle ,5083
4816461285,Otterminate,8353
1232901234,Essaint,9355
8349100334,Omenforcer,6355
4385934251,Falconjure,6279
1144553622,JumboPirate,1993
8899843022,GreatQueen,8152
2222689934,SleepyGiant,4070
4327438221,GrimTwinkles,2000
4525334513,CountryOracle,3674
4234234124,GummyPapaya ,8893
4521342143,OysterSauce,6681
3421149113,Turbanshee,1616
4124890011,Shadept,8694
4332000211,Flamingoat,8512
3478890012,CuteBlueberry,6571
7899000032,IdioticCow,8705
4909002111,CheerfulWombat,8808
4300001134,ChangeHerring,5910
5477900011,CheatPiglet,3683
3422341113,DanceTumbler ,3117
4322221478,Poltergeisha,7362
4324211001,Lemurmur,1620
3131300011,Scampirat,6314
4322443111,Potatoad,2185
8890045311,AwesomeDonkey,6291
5747882934,TerrificGoblin,6279
4329010134,EcstaticVoid,9793
4313400013,GlassLemon,7165
4538890134,FilthyBronco,2661
4329991343,LostChimera ,4229
1876733266,Bansheep,5253
5843882414,Bombeast,2094
2007365636,Peafowlet,4272
4975313885,Froghurt,2774
2239031242,HelpfulRevenant,9125
4872617592,LunchGoblin,3436
4406883948,AttractivePeanut,6898
8891623374,DancingApe,1888
4050430873,DaughterSnake,8789
7101488746,NuttyGoldfish ,7554
1256186394,Patriode,9285
7694727702,Binghost,2068
4954905679,Ponylon,6633
2187214103,Sharctic,6695
9027342157,CrazyWombat,6995
3843061490,LonelyCoconut,7907
1144630805,ArtisticManatee,5145
6375903500,DigitalLamb,5229
5139009028,ChargeDevil,4752
5542681399,VenomPapaya ,1784
9106662131,Coalossus,3880
7418959699,Pyrobot,8689
783261758,Candroid,7376
1514993639,Gopherrel,6346
9882572819,BabyBullfrog ,1029
