IRS_Number_E,IRS_Number_C,Room_ID,Start_Date,Finish_Date,Payment_ID
1324341904,1750890924,10001,2018-05-27,2018-06-01,1
8906789549,1587855266,10002,2018-05-30,2018-06-11,2
4324211134,1953990713,10003,2018-05-24,2018-06-12,3
9056793445,1474592513,10004,2018-05-24,2018-06-14,4
6509405633,1646254310,10005,2018-05-23,2018-06-07,5
8954930543,1102543023,10006,2018-05-25,2018-06-04,6
4593353435,1671659129,10007,2018-05-25,2018-06-06,7
5353534534,1041389314,10008,2018-05-20,2018-06-09,8
9345345345,1679695968,10009,2018-05-24,2018-06-12,9
5345353245,1781174254,10010,2018-05-30,2018-06-05,10
5634653425,1488864030,10011,2018-05-20,2018-06-11,11
8543935222,1426266251,10012,2018-05-22,2018-06-13,12
5345453535,1668826498,10013,2018-05-22,2018-06-07,13
5345345345,1068671487,10014,2018-05-26,2018-06-08,14
2343241241,1996432928,10015,2018-05-23,2018-06-04,15
5543534532,1733976305,10016,2018-05-20,2018-06-07,16
4532424432,1164265015,10017,2018-05-24,2018-06-02,17
4234241454,1730747575,10018,2018-05-27,2018-06-10,18
8967492394,1919299912,10019,2018-05-22,2018-06-01,19
9019341343,1593009679,10020,2018-05-25,2018-06-15,20
5245035412,1953910624,10021,2018-05-22,2018-06-03,21
1459105403,1178081646,10022,2018-05-27,2018-06-14,22
4305438932,1110271866,10023,2018-05-28,2018-06-08,23
4043592541,2021684517,10024,2018-05-21,2018-06-01,24
7803245914,2073995489,10025,2018-05-24,2018-06-08,25
9094527845,1992667871,10026,2018-05-27,2018-06-06,26
8034572534,1074807521,10027,2018-05-25,2018-06-07,27
2012441134,1001142427,10028,2018-05-20,2018-06-15,28
5435345094,2095857460,10029,2018-05-20,2018-06-03,29
5680923412,1101477222,10030,2018-05-23,2018-06-11,30
1110043344,1049367104,10031,2018-05-26,2018-06-01,31
2200043224,1447587418,10032,2018-05-23,2018-06-15,32
5423500000,1162239467,10033,2018-05-28,2018-06-07,33
6900000013,2086250509,10034,2018-05-26,2018-06-05,34
6570000031,1575492804,10035,2018-05-29,2018-06-11,35
3424210011,1587383018,10036,2018-05-26,2018-06-14,36
4532412001,1688595397,10037,2018-05-22,2018-06-15,37
5434520001,2107960340,10038,2018-05-29,2018-06-13,38
5432543001,1340522738,10039,2018-05-26,2018-06-06,39
5234145199,1472870585,10040,2018-05-29,2018-06-03,40
4546778099,1449291387,10041,2018-05-20,2018-06-11,41
3340094311,1348888294,10042,2018-05-25,2018-06-08,42
4324510001,1706995096,10043,2018-05-28,2018-06-08,43
5452089054,1167921104,10044,2018-05-21,2018-06-05,44
5430004524,1962491402,10045,2018-05-25,2018-06-08,45
5445990090,1010090014,10046,2018-05-26,2018-06-07,46
5400099090,2000715258,10047,2018-05-22,2018-06-12,47
5788934591,1650778156,10048,2018-05-21,2018-06-07,48
5499009541,1021520201,10049,2018-05-21,2018-06-06,49
5490089094,1295177073,10050,2018-05-21,2018-06-02,50
5482924022,1217711039,10051,2018-05-30,2018-06-10,51
5490924302,1520563807,10052,2018-05-25,2018-06-11,52
8909894312,1177060000,10053,2018-05-29,2018-06-11,53
9076520422,1278556694,10054,2018-05-27,2018-06-10,54
8459202122,1478629312,10055,2018-05-24,2018-06-11,55
2034589230,1200604182,10056,2018-05-24,2018-06-12,56
5439345232,1245917498,10057,2018-05-27,2018-06-11,57
4532453215,1668372365,10058,2018-05-30,2018-06-14,58
4903451212,1158003293,10059,2018-05-24,2018-06-11,59
5321200945,1263889086,10060,2018-05-23,2018-06-15,60
5678901411,1289404710,10061,2018-05-22,2018-06-11,61
5439253458,1246544942,10062,2018-05-20,2018-06-12,62
5347814902,1159520070,10063,2018-05-25,2018-06-15,63
5423740744,2039391748,10064,2018-05-24,2018-06-12,64
7830221134,2145487797,10065,2018-05-30,2018-06-05,65
5435997133,2144732449,10066,2018-05-23,2018-06-01,66
5421809453,1655974818,10067,2018-05-24,2018-06-01,67
7658099111,1101038683,10068,2018-05-24,2018-06-08,68
5637920132,1401274868,10069,2018-05-30,2018-06-07,69
5437390132,1772592744,10070,2018-05-22,2018-06-09,70
4816461285,1013631295,10071,2018-05-24,2018-06-12,71
1232901234,1807779670,10072,2018-05-22,2018-06-02,72
8349100334,1657373129,10073,2018-05-24,2018-06-14,73
4385934251,1818525548,10074,2018-05-26,2018-06-09,74
1144553622,1718941352,10075,2018-05-28,2018-06-02,75
8899843022,2118029620,10076,2018-05-24,2018-06-08,76
2222689934,1707255553,10077,2018-05-21,2018-06-06,77
4327438221,1605057151,10078,2018-05-29,2018-06-08,78
4525334513,1847472046,10079,2018-05-29,2018-06-03,79
4234234124,1428671072,10080,2018-05-26,2018-06-05,80
4521342143,1459849528,10081,2018-05-25,2018-06-02,81
3421149113,1814320444,10082,2018-05-25,2018-06-08,82
4124890011,1372726643,10083,2018-05-30,2018-06-10,83
4332000211,1192242876,10084,2018-05-22,2018-06-02,84
3478890012,1122877265,10085,2018-05-20,2018-06-02,85
7899000032,1152971838,10086,2018-05-20,2018-06-02,86
4909002111,1373416961,10087,2018-05-29,2018-06-03,87
4300001134,1310868126,10088,2018-05-28,2018-06-14,88
5477900011,1985097509,10089,2018-05-23,2018-06-01,89
3422341113,1392147589,10090,2018-05-25,2018-06-12,90
4322221478,1252797418,10091,2018-05-24,2018-06-03,91
4324211001,1491425690,10092,2018-05-30,2018-06-14,92
3131300011,1005983458,10093,2018-05-26,2018-06-06,93
4322443111,1360759659,10094,2018-05-29,2018-06-08,94
8890045311,1201370884,10095,2018-05-28,2018-06-03,95
5747882934,1957555580,10096,2018-05-25,2018-06-04,96
4329010134,1244851622,10097,2018-05-30,2018-06-06,97
4313400013,1406306092,10098,2018-05-25,2018-06-04,98
4538890134,1791375793,10099,2018-05-24,2018-06-12,99
4329991343,1849926676,10100,2018-05-25,2018-06-13,100
1876733266,1129674939,10101,2018-05-27,2018-06-07,101
